application,feature_group,model,split_type,test_subset,n_seeds,accuracy_mean,accuracy_std,precision_mean,precision_std,recall_mean,recall_std,f1_mean,f1_std,roc_auc_mean,roc_auc_std,pr_auc_mean,pr_auc_std,enrichment_top10_mean,enrichment_top10_std,enrichment_top25_mean,enrichment_top25_std,train_time_sec_mean,train_time_sec_std,inference_time_sec_per_sample_mean,inference_time_sec_per_sample_std,peak_rss_delta_mb_mean,peak_rss_delta_mb_std,model_size_kb_mean,model_size_kb_std,validation_auc_mean,validation_f1_at_selected_threshold_mean,selected_probability_threshold_mean,label_cutoff_value_mean,n_train_mean,n_valid_mean,n_test_mean,train_positive_rate_mean,valid_positive_rate_mean,test_positive_rate_mean
ch4_storage,baseline,class_prior,scaffold,test,3,,0.0,,0.0,,0.0,0.41506616232421933,0.02824800093510944,0.5,0.0,0.2621468926553672,0.022266267117444696,,0.0,,0.0,,0.0,,0.0,,0.0,,0.0,0.5,,0.05000000000000001,8.23058714815,5510.0,1180.0,1180.0,0.2500907441016334,0.18983050847457628,0.2621468926553672
ch4_storage,baseline,linker_tanimoto_knn,scaffold,test,3,,0.0,,0.0,,0.0,0.5194129061693481,0.06777090256718993,0.7368114353444725,0.027696614122260692,0.4954692844706636,0.061313249879110646,,0.0,,0.0,,0.0,,0.0,,0.0,,0.0,0.7511508196971025,,0.375,8.23058714815,5510.0,1180.0,1180.0,0.2500907441016334,0.18983050847457628,0.2621468926553672
ch4_storage,baseline,metal_aware_precursor_knn,scaffold,test,3,,0.0,,0.0,,0.0,0.5431342715861545,0.03802892220498563,0.7605957561744227,0.016168310110055532,0.5611621899834539,0.0252620161033345,,0.0,,0.0,,0.0,,0.0,,0.0,,0.0,0.7703179888589738,,0.36833333333333335,8.23058714815,5510.0,1180.0,1180.0,0.2500907441016334,0.18983050847457628,0.2621468926553672
ch4_storage,descriptor_only,logistic_regression,metal_element_holdout,test,1,0.826539462272333,0.0,0.7763157894736842,0.0,0.5429447852760736,0.0,0.6389891696750902,0.0,0.809986572799905,0.0,0.7183291364821823,0.0,3.18465992085624,0.0,2.537676367077437,0.0,0.3904361339998559,0.0,7.626313962853693e-07,0.0,0.00390625,0.0,1.9921875,0.0,0.712046134989049,0.48097826086956524,0.275,8.0755567352,4360.0,1204.0,2306.0,0.25,0.22009966777408638,0.28274067649609713
ch4_storage,descriptor_only,logistic_regression,metal_element_holdout,test_fully_unseen,1,0.8108821975699947,0.0,0.8056206088992974,0.0,0.555735056542811,0.0,0.6577437858508605,0.0,0.8047491396210529,0.0,0.742385788383466,0.0,2.832820338406598,0.0,2.4452362937363246,0.0,0.3825638969999545,0.0,8.52436872659112e-07,0.0,0.00390625,0.0,1.9921875,0.0,0.712046134989049,0.48097826086956524,0.275,8.0755567352,4360.0,1204.0,1893.0,0.25,0.22009966777408638,0.3269941891178024
ch4_storage,descriptor_only,logistic_regression,metal_element_holdout,test_partial_unseen,1,0.8983050847457628,0.0,0.3448275862068966,0.0,0.30303030303030304,0.0,0.3225806451612903,0.0,0.8804226475279107,0.0,0.3808115111091435,0.0,4.767676767676767,0.0,3.249125874125874,0.0,0.39562847000001966,0.0,3.182496367572831e-06,0.0,0.00390625,0.0,1.9921875,0.0,0.712046134989049,0.48097826086956524,0.275,8.0755567352,4360.0,1204.0,413.0,0.25,0.22009966777408638,0.07990314769975787
ch4_storage,descriptor_only,logistic_regression,random_group_aware,test,1,0.7559322033898305,0.0,0.4709141274238227,0.0,0.6367041198501873,0.0,0.5414012738853503,0.0,0.7598442800825366,0.0,0.4933697354998564,0.0,2.584269662921348,0.0,2.2172284644194753,0.0,0.42260681200002637,0.0,1.2893389830655211e-06,0.0,0.00390625,0.0,1.9921875,0.0,0.7855482141147181,0.5979073243647235,0.29,8.1806480536,5510.0,1180.0,1180.0,0.2500907441016334,0.25,0.22627118644067798
ch4_storage,descriptor_only,logistic_regression,scaffold,test,3,0.777683615819209,0.03331417624362839,0.5906993128255584,0.03169471609484378,0.5032863605265039,0.03912847127073148,0.5434380677039813,0.036068522066001044,0.7686949745377646,0.022433428553856,0.5757099799655634,0.015412896139339886,2.608012948156317,0.20435567390323198,2.1629686813916202,0.2206521958427243,0.4712152766666122,0.08889725142220742,1.4040398305285963e-06,2.98526871501414e-07,0.00390625,0.0,1.9921875,0.0,0.7298315469801003,0.5090878188638918,0.39333333333333337,8.23058714815,5510.0,1180.0,1180.0,0.2500907441016334,0.18983050847457628,0.2621468926553672
ch4_storage,descriptor_only,random_forest,metal_element_holdout,test,1,0.8209019947961839,0.0,0.742393509127789,0.0,0.5613496932515337,0.0,0.6393013100436681,0.0,0.8740323699379084,0.0,0.7590898319685383,0.0,3.0927947308315407,0.0,2.519287407895716,0.0,4.869344014000035,0.0,2.8045973980930752e-05,0.0,0.00390625,0.0,17925.556640625,0.0,0.8278859485201036,0.6215277777777778,0.38,8.0755567352,4360.0,1204.0,2306.0,0.25,0.22009966777408638,0.28274067649609713
ch4_storage,descriptor_only,random_forest,metal_element_holdout,test_fully_unseen,1,0.7966191230850502,0.0,0.7521551724137931,0.0,0.5638126009693053,0.0,0.644506001846722,0.0,0.8596111366132138,0.0,0.7712706370757879,0.0,2.7523424878836833,0.0,2.283941023700947,0.0,4.885263308000049,0.0,3.078198520867666e-05,0.0,0.00390625,0.0,17925.556640625,0.0,0.8278859485201036,0.6215277777777778,0.38,8.0755567352,4360.0,1204.0,1893.0,0.25,0.22009966777408638,0.3269941891178024
ch4_storage,descriptor_only,random_forest,metal_element_holdout,test_partial_unseen,1,0.9322033898305084,0.0,0.5862068965517241,0.0,0.5151515151515151,0.0,0.5483870967741935,0.0,0.8668261562998405,0.0,0.5350723141609588,0.0,5.661616161616162,0.0,2.8881118881118883,0.0,6.412090065000029,0.0,6.641433414007636e-05,0.0,0.00390625,0.0,17925.556640625,0.0,0.8278859485201036,0.6215277777777778,0.38,8.0755567352,4360.0,1204.0,413.0,0.25,0.22009966777408638,0.07990314769975787
ch4_storage,descriptor_only,random_forest,random_group_aware,test,1,0.811864406779661,0.0,0.5718849840255591,0.0,0.6704119850187266,0.0,0.6172413793103448,0.0,0.8501298349680644,0.0,0.6511606252734036,0.0,3.333333333333333,0.0,2.6666666666666665,0.0,7.368756834999999,0.0,4.715458813557311e-05,0.0,0.00390625,0.0,23577.0517578125,0.0,0.8532375754093651,0.6809917355371901,0.355,8.1806480536,5510.0,1180.0,1180.0,0.2500907441016334,0.25,0.22627118644067798
ch4_storage,descriptor_only,random_forest,scaffold,test,3,0.7728813559322033,0.006936739637180034,0.6183626644658023,0.09942514487314569,0.44320497503293205,0.15104909542003428,0.495468958591944,0.06703312563973306,0.7967530371172581,0.016361935268684548,0.6115875817775932,0.009728581807309507,2.683284828804542,0.20698454580845035,2.173316586506551,0.09207603446969782,6.255925817999999,0.8459630321820556,3.4863285875680545e-05,1.1291713991861186e-05,0.00390625,0.0,14988.432942708334,7886.764801864075,0.7784958357114858,0.5294539565457527,0.3933333333333333,8.23058714815,5510.0,1180.0,1180.0,0.2500907441016334,0.18983050847457628,0.2621468926553672
ch4_storage,descriptor_only,xgboost,metal_element_holdout,test,1,0.7948829141370338,0.0,0.7993311036789298,0.0,0.3665644171779141,0.0,0.5026288117770767,0.0,0.8523814734312061,0.0,0.7134500098822433,0.0,2.9856186758027246,0.0,2.4028239997448195,0.0,1.0055475659999047,0.0,2.818382046789433e-06,0.0,0.00390625,0.0,234.1298828125,0.0,0.8327807583338357,0.6061776061776062,0.425,8.0755567352,4360.0,1204.0,2306.0,0.25,0.22009966777408638,0.28274067649609713
ch4_storage,descriptor_only,xgboost,metal_element_holdout,test_fully_unseen,1,0.7675647120972002,0.0,0.8231046931407943,0.0,0.3683360258481422,0.0,0.5089285714285714,0.0,0.8355363768472469,0.0,0.7311689042028039,0.0,2.6879602074653515,0.0,2.212971104885381,0.0,0.9718731749999279,0.0,2.8894041204331815e-06,0.0,0.00390625,0.0,234.1298828125,0.0,0.8327807583338357,0.6061776061776062,0.425,8.0755567352,4360.0,1204.0,1893.0,0.25,0.22009966777408638,0.3269941891178024
ch4_storage,descriptor_only,xgboost,metal_element_holdout,test_partial_unseen,1,0.9200968523002422,0.0,0.5,0.0,0.3333333333333333,0.0,0.4,0.0,0.8627591706539075,0.0,0.4737750429563446,0.0,5.959595959595959,0.0,3.0084498834498836,0.0,0.9707960519999688,0.0,6.576472154953283e-06,0.0,0.00390625,0.0,234.1298828125,0.0,0.8327807583338357,0.6061776061776062,0.425,8.0755567352,4360.0,1204.0,413.0,0.25,0.22009966777408638,0.07990314769975787
ch4_storage,descriptor_only,xgboost,random_group_aware,test,1,0.7966101694915254,0.0,0.541033434650456,0.0,0.6666666666666666,0.0,0.5973154362416108,0.0,0.8452112843611422,0.0,0.6587034190908562,0.0,3.445692883895131,0.0,2.48689138576779,0.0,1.0656618369999933,0.0,6.116906779598756e-06,0.0,0.00390625,0.0,683.509765625,0.0,0.850113951929522,0.6589403973509934,0.325,8.1806480536,5510.0,1180.0,1180.0,0.2500907441016334,0.25,0.22627118644067798
ch4_storage,descriptor_only,xgboost,scaffold,test,3,0.7810734463276835,0.009822225226391907,0.618004427933506,0.0415452693444775,0.43945613658875304,0.05528473325868719,0.5109161973965032,0.03138262544856071,0.7997368442843883,0.00667493828820801,0.6040601063718034,0.017247393602915405,2.782293294121251,0.23601593759095402,2.1370760448896653,0.063190795557065,1.079636320333331,0.026555538813274902,3.880956214672839e-06,3.0189606412933154e-07,0.00390625,0.0,233.22265625,2.45514862760493,0.7919660473131757,0.5377708031546757,0.4116666666666666,8.23058714815,5510.0,1180.0,1180.0,0.2500907441016334,0.18983050847457628,0.2621468926553672
ch4_storage,precursor_descriptor,logistic_regression,metal_element_holdout,test,1,0.8048568950563747,0.0,0.6328947368421053,0.0,0.7377300613496932,0.0,0.6813031161473088,0.0,0.837999625373699,0.0,0.697965544385816,0.0,2.9856186758027246,0.0,2.3660460813813784,0.0,4.884909190999906,0.0,3.954038594984344e-06,0.0,0.00390625,0.0,14.9013671875,0.0,0.7816846504711958,0.5468053491827637,0.25,8.0755567352,4360.0,1204.0,2306.0,0.25,0.22009966777408638,0.28274067649609713
ch4_storage,precursor_descriptor,logistic_regression,metal_element_holdout,test_fully_unseen,1,0.786053882725832,0.0,0.6502808988764045,0.0,0.7479806138933764,0.0,0.695717505634861,0.0,0.82778852811163,0.0,0.7157753283835533,0.0,2.575291216733271,0.0,2.122645753665569,0.0,4.17150674200002,0.0,3.1846846276697265e-06,0.0,0.00390625,0.0,14.9013671875,0.0,0.7816846504711958,0.5468053491827637,0.25,8.0755567352,4360.0,1204.0,1893.0,0.25,0.22009966777408638,0.3269941891178024
ch4_storage,precursor_descriptor,logistic_regression,metal_element_holdout,test_partial_unseen,1,0.8910411622276029,0.0,0.375,0.0,0.5454545454545454,0.0,0.4444444444444444,0.0,0.7278708133971293,0.0,0.41307732384446233,0.0,4.46969696969697,0.0,2.7677738927738926,0.0,4.368031315000053,0.0,9.107932203360905e-06,0.0,0.00390625,0.0,14.9013671875,0.0,0.7816846504711958,0.5468053491827637,0.25,8.0755567352,4360.0,1204.0,413.0,0.25,0.22009966777408638,0.07990314769975787
ch4_storage,precursor_descriptor,logistic_regression,random_group_aware,test,1,0.8033898305084746,0.0,0.552870090634441,0.0,0.6853932584269663,0.0,0.6120401337792643,0.0,0.8283511984608506,0.0,0.611445647183235,0.0,3.108614232209738,0.0,2.531835205992509,0.0,5.661979018000011,0.0,4.253288983109395e-06,0.0,2.86328125,0.0,14.9013671875,0.0,0.8170449104663411,0.622154779969651,0.345,8.1806480536,5510.0,1180.0,1180.0,0.2500907441016334,0.25,0.22627118644067798
ch4_storage,precursor_descriptor,logistic_regression,scaffold,test,3,0.7692090395480227,0.01712479612003129,0.5601212537653216,0.008231743058937663,0.5588402822453001,0.06417176460665007,0.5580500153140248,0.028344449219591766,0.7885403428159288,0.015933326093429942,0.5584098349804577,0.025890360391069008,2.5532855436081245,0.18575174442054956,2.2165107373709527,0.13271244567542181,6.780873677000007,1.033127165115564,4.90440508475192e-06,1.1757773591540498e-06,11.298177083333334,14.61305118214153,14.9013671875,0.0,0.784178093575515,0.5491567256273139,0.39999999999999997,8.23058714815,5510.0,1180.0,1180.0,0.2500907441016334,0.18983050847457628,0.2621468926553672
ch4_storage,precursor_descriptor,random_forest,metal_element_holdout,test,1,0.8274067649609714,0.0,0.7009493670886076,0.0,0.6794478527607362,0.0,0.6900311526479751,0.0,0.8832487333180021,0.0,0.7974188161869429,0.0,3.3530794359015217,0.0,2.6541397752283338,0.0,6.725660948000041,0.0,3.881005550735182e-05,0.0,0.00390625,0.0,17560.4736328125,0.0,0.8461088673217192,0.6454849498327759,0.32,8.0755567352,4360.0,1204.0,2306.0,0.25,0.22009966777408638,0.28274067649609713
ch4_storage,precursor_descriptor,random_forest,metal_element_holdout,test_fully_unseen,1,0.803486529318542,0.0,0.7061769616026711,0.0,0.6833602584814217,0.0,0.6945812807881774,0.0,0.8669906138172928,0.0,0.806527130284208,0.0,2.945489329138679,0.0,2.4839471585448147,0.0,5.520305556000039,0.0,5.6761311146310744e-05,0.0,0.00390625,0.0,17560.4736328125,0.0,0.8461088673217192,0.6454849498327759,0.32,8.0755567352,4360.0,1204.0,1893.0,0.25,0.22009966777408638,0.3269941891178024
ch4_storage,precursor_descriptor,random_forest,metal_element_holdout,test_partial_unseen,1,0.937046004842615,0.0,0.6060606060606061,0.0,0.6060606060606061,0.0,0.6060606060606061,0.0,0.9134370015948964,0.0,0.6001396916776459,0.0,6.555555555555555,0.0,3.4898018648018647,0.0,5.213327790999983,0.0,6.986378208265757e-05,0.0,0.00390625,0.0,17560.4736328125,0.0,0.8461088673217192,0.6454849498327759,0.32,8.0755567352,4360.0,1204.0,413.0,0.25,0.22009966777408638,0.07990314769975787
ch4_storage,precursor_descriptor,random_forest,random_group_aware,test,1,0.8364406779661017,0.0,0.6267123287671232,0.0,0.6853932584269663,0.0,0.6547406082289803,0.0,0.8747677123201694,0.0,0.7069159011630854,0.0,3.8202247191011236,0.0,2.756554307116105,0.0,7.7805674229999795,0.0,5.097640932203214e-05,0.0,21.12890625,0.0,20821.0400390625,0.0,0.8965699511634588,0.7056910569105691,0.34,8.1806480536,5510.0,1180.0,1180.0,0.2500907441016334,0.25,0.22627118644067798
ch4_storage,precursor_descriptor,random_forest,scaffold,test,3,0.7943502824858757,0.02658820929839577,0.6303820601883563,0.039950293077021894,0.5417267612249691,0.0720263689158109,0.5792562940866759,0.028365016421191297,0.8173528369716396,0.010917583682108871,0.6803876580205207,0.013439152471984336,3.2595737728354215,0.302880504558903,2.2725750288474305,0.11346955077817251,6.695761288999999,0.8934150150880578,4.8199570338988836e-05,1.1051275632956233e-06,14.046875,0.0,19692.081705729168,171.77883199741413,0.8177957777368444,0.5855789770022869,0.35333333333333333,8.23058714815,5510.0,1180.0,1180.0,0.2500907441016334,0.18983050847457628,0.2621468926553672
ch4_storage,precursor_descriptor,xgboost,metal_element_holdout,test,1,0.8464874241110147,0.0,0.8401826484018264,0.0,0.5644171779141104,0.0,0.6752293577981652,0.0,0.8887744712576315,0.0,0.8010789008237054,0.0,3.307146840889172,0.0,2.598972897683172,0.0,3.9141958830000476,0.0,2.0104822202970468e-05,0.0,0.00390625,0.0,638.919921875,0.0,0.8528020575883617,0.6462715105162524,0.42,8.0755567352,4360.0,1204.0,2306.0,0.25,0.22009966777408638,0.28274067649609713
ch4_storage,precursor_descriptor,xgboost,metal_element_holdout,test_fully_unseen,1,0.8283148441627047,0.0,0.8466981132075472,0.0,0.5799676898222941,0.0,0.6883988494726749,0.0,0.8744607573363632,0.0,0.8110573573803507,0.0,2.977680469347845,0.0,2.46459172614057,0.0,2.8761467290000837,0.0,2.3411797675659432e-05,0.0,0.00390625,0.0,638.919921875,0.0,0.8528020575883617,0.6462715105162524,0.42,8.0755567352,4360.0,1204.0,1893.0,0.25,0.22009966777408638,0.3269941891178024
ch4_storage,precursor_descriptor,xgboost,metal_element_holdout,test_partial_unseen,1,0.9297820823244553,0.0,0.6428571428571429,0.0,0.2727272727272727,0.0,0.3829787234042553,0.0,0.9038676236044657,0.0,0.5895945659119819,0.0,6.555555555555555,0.0,3.3694638694638694,0.0,2.8757219619999432,0.0,8.71505617435444e-05,0.0,0.00390625,0.0,638.919921875,0.0,0.8528020575883617,0.6462715105162524,0.42,8.0755567352,4360.0,1204.0,413.0,0.25,0.22009966777408638,0.07990314769975787
ch4_storage,precursor_descriptor,xgboost,random_group_aware,test,1,0.847457627118644,0.0,0.6986301369863014,0.0,0.5730337078651685,0.0,0.6296296296296297,0.0,0.8775777266368846,0.0,0.718103640041568,0.0,3.745318352059925,0.0,2.7715355805243442,0.0,3.217711926999982,0.0,4.747106101692641e-05,0.0,0.00390625,0.0,674.193359375,0.0,0.8808848032174663,0.6996336996336996,0.435,8.1806480536,5510.0,1180.0,1180.0,0.2500907441016334,0.25,0.22627118644067798
ch4_storage,precursor_descriptor,xgboost,scaffold,test,3,0.788135593220339,0.03023654707612079,0.609254240690555,0.04619146599086682,0.5611901479643415,0.04218444457459592,0.5820434072799675,0.005761720821285572,0.8284010185874041,0.005754861436827913,0.6771769737370331,0.022066880375152004,3.1997733051496495,0.18491815407562556,2.2506587425583846,0.093593523119823,3.7591964020000432,0.9129640966611189,4.624618022598361e-05,2.387403650101503e-05,0.00390625,0.0,376.3590494791667,236.7001432680546,0.8320172443242578,0.5998465885860461,0.34833333333333333,8.23058714815,5510.0,1180.0,1180.0,0.2500907441016334,0.18983050847457628,0.2621468926553672
ch4_storage,precursor_only,logistic_regression,metal_element_holdout,test,1,0.7614917606244579,0.0,0.5582191780821918,0.0,0.75,0.0,0.6400523560209425,0.0,0.8044014881195243,0.0,0.622433190831917,0.0,2.5722253206915786,0.0,2.188286142624746,0.0,2.9021316490000117,0.0,3.0262575888921345e-06,0.0,0.00390625,0.0,14.0791015625,0.0,0.772158257479856,0.5380434782608695,0.225,8.0755567352,4360.0,1204.0,2306.0,0.25,0.22009966777408638,0.28274067649609713
ch4_storage,precursor_only,logistic_regression,metal_element_holdout,test_fully_unseen,1,0.7332276809297411,0.0,0.5685096153846154,0.0,0.7641357027463651,0.0,0.6519641626464507,0.0,0.7840867302556663,0.0,0.638163330434157,0.0,2.269475384746195,0.0,1.929091429623116,0.0,2.419719966999992,0.0,3.1408119387312194e-06,0.0,0.00390625,0.0,14.0791015625,0.0,0.772158257479856,0.5380434782608695,0.225,8.0755567352,4360.0,1204.0,1893.0,0.25,0.22009966777408638,0.3269941891178024
ch4_storage,precursor_only,logistic_regression,metal_element_holdout,test_partial_unseen,1,0.8910411622276029,0.0,0.36363636363636365,0.0,0.48484848484848486,0.0,0.4155844155844156,0.0,0.7345693779904308,0.0,0.3969289084325519,0.0,4.46969696969697,0.0,2.7677738927738926,0.0,2.4598176340000464,0.0,8.324392251834555e-06,0.0,0.00390625,0.0,14.0791015625,0.0,0.772158257479856,0.5380434782608695,0.225,8.0755567352,4360.0,1204.0,413.0,0.25,0.22009966777408638,0.07990314769975787
ch4_storage,precursor_only,logistic_regression,random_group_aware,test,1,0.7906779661016949,0.0,0.5251256281407035,0.0,0.7827715355805244,0.0,0.6285714285714286,0.0,0.8288926902707869,0.0,0.5855271746072422,0.0,3.108614232209738,0.0,2.3970037453183517,0.0,3.496273892999966,0.0,6.413507627176857e-06,0.0,32.38671875,0.0,14.0791015625,0.0,0.812316384180791,0.6264044943820225,0.285,8.1806480536,5510.0,1180.0,1180.0,0.2500907441016334,0.25,0.22627118644067798
ch4_storage,precursor_only,logistic_regression,scaffold,test,3,0.7564971751412429,0.02856740987592431,0.5308536722651928,0.031888874483832035,0.6239283562581054,0.0179122852337132,0.5735467771647408,0.026172547380562607,0.7788774769796504,0.019095246409843752,0.5243732446764297,0.02336778408263706,2.322523460874715,0.12791199905946815,2.11371871457893,0.1829959084393309,3.4894838059999906,0.35722946578816633,5.522979378516066e-06,1.0970296942333387e-06,17.908854166666668,16.102533031410594,14.0791015625,0.0,0.7816584516874069,0.5365933605693548,0.35333333333333333,8.23058714815,5510.0,1180.0,1180.0,0.2500907441016334,0.18983050847457628,0.2621468926553672
ch4_storage,precursor_only,random_forest,metal_element_holdout,test,1,0.8061578490893322,0.0,0.6860254083484574,0.0,0.5797546012269938,0.0,0.628428927680798,0.0,0.839821292126913,0.0,0.7053830447159136,0.0,3.0621730008233077,0.0,2.3599164283208047,0.0,4.693889464999984,0.0,4.587312445794749e-05,0.0,0.00390625,0.0,15210.3251953125,0.0,0.8379508509654991,0.6268115942028986,0.33,8.0755567352,4360.0,1204.0,2306.0,0.25,0.22009966777408638,0.28274067649609713
ch4_storage,precursor_only,random_forest,metal_element_holdout,test_fully_unseen,1,0.7844690966719493,0.0,0.7072691552062869,0.0,0.5815831987075929,0.0,0.6382978723404256,0.0,0.8237034716956251,0.0,0.7236238585417148,0.0,2.7362469177791007,0.0,2.2903928345023616,0.0,4.334658587999911,0.0,3.7628216059123934e-05,0.0,0.00390625,0.0,15210.3251953125,0.0,0.8379508509654991,0.6268115942028986,0.33,8.0755567352,4360.0,1204.0,1893.0,0.25,0.22009966777408638,0.3269941891178024
ch4_storage,precursor_only,random_forest,metal_element_holdout,test_partial_unseen,1,0.9055690072639225,0.0,0.42857142857142855,0.0,0.5454545454545454,0.0,0.48,0.0,0.8784290271132376,0.0,0.5170723932130905,0.0,5.363636363636363,0.0,3.249125874125874,0.0,5.450003452999908,0.0,7.357703874110659e-05,0.0,0.00390625,0.0,15210.3251953125,0.0,0.8379508509654991,0.6268115942028986,0.33,8.0755567352,4360.0,1204.0,413.0,0.25,0.22009966777408638,0.07990314769975787
ch4_storage,precursor_only,random_forest,random_group_aware,test,1,0.809322033898305,0.0,0.5644171779141104,0.0,0.6891385767790262,0.0,0.6205733558178752,0.0,0.8500313819117122,0.0,0.6436977828469514,0.0,3.258426966292135,0.0,2.5767790262172285,0.0,5.137648376000016,0.0,6.265563898307584e-05,0.0,0.00390625,0.0,20051.59765625,0.0,0.8669673465479268,0.6893353941267388,0.33,8.1806480536,5510.0,1180.0,1180.0,0.2500907441016334,0.25,0.22627118644067798
ch4_storage,precursor_only,random_forest,scaffold,test,3,0.7505649717514125,0.04304828943866125,0.5312140799842436,0.04679320998111258,0.623421152059145,0.13103780287633313,0.5654973132628732,0.021764031306854295,0.7891178274452205,0.0049723208092784165,0.586823113937596,0.03362163321114434,2.623262772008292,0.21485818157948952,2.180244871284298,0.08069492886644487,5.498776208333386,0.5536877069486399,4.622669689264497e-05,2.4970117097240473e-05,0.00390625,0.0,13017.3828125,7818.241393343491,0.8300830349522509,0.6011648179227941,0.32,8.23058714815,5510.0,1180.0,1180.0,0.2500907441016334,0.18983050847457628,0.2621468926553672
ch4_storage,precursor_only,xgboost,metal_element_holdout,test,1,0.7983521248915871,0.0,0.6481774960380349,0.0,0.6273006134969326,0.0,0.6375681995323461,0.0,0.8397962552206586,0.0,0.7276647322777053,0.0,3.1693490558521233,0.0,2.3660460813813784,0.0,2.246482130000004,0.0,1.98838334778619e-05,0.0,0.00390625,0.0,588.310546875,0.0,0.8431751964152953,0.6241610738255033,0.305,8.0755567352,4360.0,1204.0,2306.0,0.25,0.22009966777408638,0.28274067649609713
ch4_storage,precursor_only,xgboost,metal_element_holdout,test_fully_unseen,1,0.7728473322768094,0.0,0.6593591905564924,0.0,0.6316639741518578,0.0,0.6452145214521452,0.0,0.8176624321904727,0.0,0.7412479154732486,0.0,2.9293937590340957,0.0,2.16135661847406,0.0,2.7368444949997865,0.0,2.2203238774468063e-05,0.0,0.00390625,0.0,588.310546875,0.0,0.8431751964152953,0.6241610738255033,0.305,8.0755567352,4360.0,1204.0,1893.0,0.25,0.22009966777408638,0.3269941891178024
ch4_storage,precursor_only,xgboost,metal_element_holdout,test_partial_unseen,1,0.9152542372881356,0.0,0.47368421052631576,0.0,0.5454545454545454,0.0,0.5070422535211268,0.0,0.8568181818181818,0.0,0.49616521021044047,0.0,5.363636363636363,0.0,3.0084498834498836,0.0,3.361840239000003,0.0,0.0001244996924937848,0.0,0.00390625,0.0,588.310546875,0.0,0.8431751964152953,0.6241610738255033,0.305,8.0755567352,4360.0,1204.0,413.0,0.25,0.22009966777408638,0.07990314769975787
ch4_storage,precursor_only,xgboost,random_group_aware,test,1,0.8177966101694916,0.0,0.6181818181818182,0.0,0.5093632958801498,0.0,0.5585215605749486,0.0,0.8410721537836741,0.0,0.6371284398296273,0.0,3.183520599250936,0.0,2.6666666666666665,0.0,2.575519045999954,0.0,3.602391101694747e-05,0.0,0.00390625,0.0,610.240234375,0.0,0.8841635545341378,0.6963979416809606,0.405,8.1806480536,5510.0,1180.0,1180.0,0.2500907441016334,0.25,0.22627118644067798
ch4_storage,precursor_only,xgboost,scaffold,test,3,0.7889830508474577,0.01525423728813563,0.6193038640486469,0.04431358052887006,0.5250098540779544,0.08845598411174901,0.5634284915255366,0.03480630255703834,0.8079840964167365,0.009199108620665999,0.6397554758705991,0.03515519532975906,3.0458791573486916,0.1263724088523072,2.244564939905442,0.08067232380990097,2.8519082293333518,0.26096272359172046,3.739125367234539e-05,1.2431495782745209e-05,0.00390625,0.0,464.4847005208333,203.76611862627902,0.8176195786078718,0.5738581109923947,0.39999999999999997,8.23058714815,5510.0,1180.0,1180.0,0.2500907441016334,0.18983050847457628,0.2621468926553672
ch4_storage,shap_selected,logistic_regression,scaffold,test,3,0.7946327683615819,0.0109296848147758,0.6545654498369733,0.019167513360250688,0.4547728456330607,0.02163548172907673,0.5366415739787492,0.021342440964078474,0.7846473693210584,0.01648106037403555,0.6109657216085692,0.012052158210254576,2.8609788724484067,0.2855804709505053,2.262315350917502,0.073122079466185,0.39616872200000824,0.008273970739878803,1.3674310734411765e-06,8.641608927897331e-08,0.00390625,0.0,1.8811848958333333,0.013472787816780518,0.7516100079079943,0.5422750837806468,0.45166666666666666,8.23058714815,5510.0,1180.0,1180.0,0.2500907441016334,0.18983050847457628,0.2621468926553672
ch4_storage,shap_selected,random_forest,scaffold,test,3,0.7799435028248588,0.011568132897990576,0.6041496239177622,0.08862936370722527,0.5110238029592868,0.05832647208055203,0.547525441519959,0.013318300671833887,0.805308203875334,0.0071142485783753755,0.6449486284618123,0.022090251135492837,3.0681779656690047,0.16749605285100105,2.186370125294857,0.03318839836619906,5.542522321999968,0.11895265658171131,4.6360666949137184e-05,1.4114038562535171e-05,0.00390625,0.0,16784.0390625,9628.560020608993,0.8028025358947652,0.5757409338842653,0.36166666666666664,8.23058714815,5510.0,1180.0,1180.0,0.2500907441016334,0.18983050847457628,0.2621468926553672
ch4_storage,shap_selected,xgboost,scaffold,test,3,0.793502824858757,0.009296317893731263,0.6131761118830085,0.06142653454444335,0.5650697954640607,0.07897795394689694,0.5864816951188092,0.059317495163351476,0.8137948722772611,0.010562277814674375,0.6576929798912802,0.025505306873519984,3.1502139305006693,0.306063333011169,2.302784670526606,0.057410280555577536,1.2317379393333567,0.19117724362209715,5.35164265531837e-06,1.5864433050010086e-06,0.00390625,0.0,535.5611979166666,265.44893055636516,0.8134195704634873,0.56273267694131,0.365,8.23058714815,5510.0,1180.0,1180.0,0.2500907441016334,0.18983050847457628,0.2621468926553672
co2_capture,baseline,class_prior,scaffold,test,3,,0.0,,0.0,,0.0,0.42030216608490184,0.010442445690512963,0.5,0.0,0.2661016949152542,0.008346489662539055,,0.0,,0.0,,0.0,,0.0,,0.0,,0.0,0.5,,0.05000000000000001,2.5625927465,5510.0,1180.0,1180.0,0.2500907441016334,0.29209039548022603,0.2661016949152542
co2_capture,baseline,linker_tanimoto_knn,scaffold,test,3,,0.0,,0.0,,0.0,0.4590840041056669,0.03908357786915413,0.6544690101376252,0.04365466483072978,0.4098542941585063,0.061198865262587776,,0.0,,0.0,,0.0,,0.0,,0.0,,0.0,0.636751675946396,,0.16833333333333333,2.5625927465,5510.0,1180.0,1180.0,0.2500907441016334,0.29209039548022603,0.2661016949152542
co2_capture,baseline,metal_aware_precursor_knn,scaffold,test,3,,0.0,,0.0,,0.0,0.5492867751248142,0.029846946969758675,0.7655710407799813,0.01573301469273233,0.5522271268654455,0.016689473528176475,,0.0,,0.0,,0.0,,0.0,,0.0,,0.0,0.7441597222135634,,0.2683333333333333,2.5625927465,5510.0,1180.0,1180.0,0.2500907441016334,0.29209039548022603,0.2661016949152542
co2_capture,descriptor_only,logistic_regression,metal_element_holdout,test,1,0.5472679965307893,0.0,0.19634340222575516,0.0,0.8821428571428571,0.0,0.3211963589076723,0.0,0.8244544140459737,0.0,0.3898475333480102,0.0,4.064378478664193,0.0,2.95458034166873,0.0,0.36954741800002466,0.0,6.323785776221043e-07,0.0,0.00390625,0.0,1.9921875,0.0,0.6393532960249865,0.42298850574712643,0.21,2.86829436075,4360.0,1204.0,2306.0,0.25,0.23006644518272426,0.12142237640936687
co2_capture,descriptor_only,logistic_regression,metal_element_holdout,test_fully_unseen,1,0.5916534601162177,0.0,0.21063829787234042,0.0,0.8646288209606987,0.0,0.33875106928999144,0.0,0.8441593886462881,0.0,0.4649001598484983,0.0,4.872810848080901,0.0,3.2437676192581946,0.0,0.3781864329999962,0.0,7.927353407536012e-07,0.0,0.00390625,0.0,1.9921875,0.0,0.6393532960249865,0.42298850574712643,0.21,2.86829436075,4360.0,1204.0,1893.0,0.25,0.23006644518272426,0.12097200211304807
co2_capture,descriptor_only,logistic_regression,metal_element_holdout,test_partial_unseen,1,0.34382566585956414,0.0,0.1540880503144654,0.0,0.9607843137254902,0.0,0.26558265582655827,0.0,0.6792601018307876,0.0,0.2034941084939208,0.0,1.9281045751633987,0.0,1.9466440422322777,0.0,0.37522047799996017,0.0,3.574452784519725e-06,0.0,0.00390625,0.0,1.9921875,0.0,0.6393532960249865,0.42298850574712643,0.21,2.86829436075,4360.0,1204.0,413.0,0.25,0.23006644518272426,0.1234866828087167
co2_capture,descriptor_only,logistic_regression,random_group_aware,test,1,0.7805084745762711,0.0,0.44176706827309237,0.0,0.4782608695652174,0.0,0.4592901878914405,0.0,0.7208604118993135,0.0,0.3874255785100096,0.0,2.260869565217391,0.0,2.1565217391304348,0.0,0.4076416469999913,0.0,1.2578330508897464e-06,0.0,0.00390625,0.0,1.9921875,0.0,0.6634972677595629,0.46037735849056605,0.315,2.68603160475,5510.0,1180.0,1180.0,0.2500907441016334,0.2245762711864407,0.19491525423728814
co2_capture,descriptor_only,logistic_regression,scaffold,test,3,0.6079096045197739,0.036315644120022805,0.3830097059155668,0.028628848992363294,0.7619435935011492,0.0531934001996079,0.5086501611074307,0.02180496649514436,0.6937341830068778,0.009649949107419129,0.4341468670152588,0.013972292756337112,2.113015551413087,0.09478673570523083,1.649130412580808,0.07624425389655692,0.47277769700000744,0.1387671936285784,1.4665395480083417e-06,3.6600572092640255e-07,0.00390625,0.0,1.9921875,0.0,0.7134519308638398,0.5296602805029277,0.20666666666666667,2.5625927465,5510.0,1180.0,1180.0,0.2500907441016334,0.29209039548022603,0.2661016949152542
co2_capture,descriptor_only,random_forest,metal_element_holdout,test,1,0.6986123156981786,0.0,0.25787631271878647,0.0,0.7892857142857143,0.0,0.3887423043095866,0.0,0.8373801297419264,0.0,0.6137907584538468,0.0,5.27656153370439,0.0,2.8689403317652884,0.0,6.494883463000065,0.0,3.1678918907202524e-05,0.0,0.00390625,0.0,21186.7392578125,0.0,0.7142464921196827,0.4807692307692308,0.27,2.86829436075,4360.0,1204.0,2306.0,0.25,0.23006644518272426,0.12142237640936687
co2_capture,descriptor_only,random_forest,metal_element_holdout,test_fully_unseen,1,0.7083993660855784,0.0,0.2635431918008785,0.0,0.7860262008733624,0.0,0.39473684210526316,0.0,0.845171050974135,0.0,0.6665050941142315,0.0,5.829970121811078,0.0,2.877535791277431,0.0,5.286816245000068,0.0,4.071297305865168e-05,0.0,0.00390625,0.0,21186.7392578125,0.0,0.7142464921196827,0.4807692307692308,0.27,2.86829436075,4360.0,1204.0,1893.0,0.25,0.23006644518272426,0.12097200211304807
co2_capture,descriptor_only,random_forest,metal_element_holdout,test_partial_unseen,1,0.6537530266343826,0.0,0.23563218390804597,0.0,0.803921568627451,0.0,0.36444444444444446,0.0,0.7839616509587259,0.0,0.3040458530594593,0.0,2.892156862745098,0.0,2.258107088989442,0.0,4.994263044000036,0.0,6.956007506055435e-05,0.0,0.00390625,0.0,21186.7392578125,0.0,0.7142464921196827,0.4807692307692308,0.27,2.86829436075,4360.0,1204.0,413.0,0.25,0.23006644518272426,0.1234866828087167
co2_capture,descriptor_only,random_forest,random_group_aware,test,1,0.8355932203389831,0.0,0.601123595505618,0.0,0.4652173913043478,0.0,0.5245098039215687,0.0,0.8157345537757437,0.0,0.5641632163260575,0.0,3.652173913043478,0.0,2.5043478260869567,0.0,6.262141614000029,0.0,4.434642033895555e-05,0.0,0.00390625,0.0,24892.6767578125,0.0,0.784647901845551,0.5432098765432098,0.45,2.68603160475,5510.0,1180.0,1180.0,0.2500907441016334,0.2245762711864407,0.19491525423728814
co2_capture,descriptor_only,random_forest,scaffold,test,3,0.6963276836158192,0.016396352385233324,0.45227007451677054,0.02344403666661451,0.6556304855557563,0.03066132337632594,0.5346415360878942,0.013546574095759326,0.7615621403745639,0.012777396464333618,0.5885797233757412,0.00810470577914305,2.7298371920386586,0.08373027048427738,1.9931106734123067,0.10324396772803893,6.627604251000018,0.8246332872699286,3.2090675988726264e-05,1.111626305022281e-05,0.00390625,0.0,11495.8671875,10441.077076925607,0.7426347204549715,0.5564161030050567,0.30000000000000004,2.5625927465,5510.0,1180.0,1180.0,0.2500907441016334,0.29209039548022603,0.2661016949152542
co2_capture,descriptor_only,xgboost,metal_element_holdout,test,1,0.6790980052038161,0.0,0.23441108545034642,0.0,0.725,0.0,0.3542757417102967,0.0,0.7775128684247639,0.0,0.4651239729056213,0.0,3.8861162646876934,0.0,2.612020302054964,0.0,1.5221620790000543,0.0,9.30026973115943e-06,0.0,0.00390625,0.0,639.5888671875,0.0,0.7213479295425249,0.46941323345817726,0.2,2.86829436075,4360.0,1204.0,2306.0,0.25,0.23006644518272426,0.12142237640936687
co2_capture,descriptor_only,xgboost,metal_element_holdout,test_fully_unseen,1,0.694136291600634,0.0,0.2403560830860534,0.0,0.7074235807860262,0.0,0.3588039867109635,0.0,0.7795192832549547,0.0,0.5227397734959214,0.0,4.350723971500805,0.0,2.650820850146482,0.0,0.9436490059999869,0.0,5.248378235642067e-06,0.0,0.00390625,0.0,639.5888671875,0.0,0.7213479295425249,0.46941323345817726,0.2,2.86829436075,4360.0,1204.0,1893.0,0.25,0.23006644518272426,0.12097200211304807
co2_capture,descriptor_only,xgboost,metal_element_holdout,test_partial_unseen,1,0.6101694915254238,0.0,0.21354166666666666,0.0,0.803921568627451,0.0,0.3374485596707819,0.0,0.7519228685949518,0.0,0.25627771092976365,0.0,2.1209150326797386,0.0,2.258107088989442,0.0,1.5573124239999743,0.0,1.4557605326991038e-05,0.0,0.00390625,0.0,639.5888671875,0.0,0.7213479295425249,0.46941323345817726,0.2,2.86829436075,4360.0,1204.0,413.0,0.25,0.23006644518272426,0.1234866828087167
co2_capture,descriptor_only,xgboost,random_group_aware,test,1,0.8322033898305085,0.0,0.5776699029126213,0.0,0.5173913043478261,0.0,0.5458715596330275,0.0,0.8264691075514874,0.0,0.5755921367383314,0.0,3.608695652173913,0.0,2.591304347826087,0.0,1.0395485380000764,0.0,5.724689830462228e-06,0.0,0.00390625,0.0,684.830078125,0.0,0.7790081451696051,0.5653021442495126,0.375,2.68603160475,5510.0,1180.0,1180.0,0.2500907441016334,0.2245762711864407,0.19491525423728814
co2_capture,descriptor_only,xgboost,scaffold,test,3,0.6276836158192091,0.09118476044909883,0.4095195516031316,0.04893705390378742,0.7908845031494547,0.1407802577047689,0.5329176048531622,0.01591634789648469,0.7742635938501498,0.011112146881265684,0.5818186187173197,0.011520112146490966,2.696507331239424,0.013277852256880681,2.1070576442600273,0.08969252728154233,1.2035538116666278,0.29463383969703383,4.639883050845257e-06,2.0029812581282727e-06,0.00390625,0.0,228.78580729166666,1.2030252522655975,0.7415054879179208,0.5531376211972145,0.21999999999999997,2.5625927465,5510.0,1180.0,1180.0,0.2500907441016334,0.29209039548022603,0.2661016949152542
co2_capture,precursor_descriptor,logistic_regression,metal_element_holdout,test,1,0.5034692107545533,0.0,0.17651458489154825,0.0,0.8428571428571429,0.0,0.2918985776128633,0.0,0.7405663869693978,0.0,0.2742933072999539,0.0,2.8165429808286953,0.0,2.3836469423124536,0.0,3.9551563500000384,0.0,3.2871214223850415e-06,0.0,2.265625,0.0,14.9013671875,0.0,0.7256453993511931,0.5040276179516686,0.17,2.86829436075,4360.0,1204.0,2306.0,0.25,0.23006644518272426,0.12142237640936687
co2_capture,precursor_descriptor,logistic_regression,metal_element_holdout,test_fully_unseen,1,0.4923402007395668,0.0,0.17379679144385027,0.0,0.851528384279476,0.0,0.28867505551443373,0.0,0.7443814032583138,0.0,0.27588393997826205,0.0,2.914985060905539,0.0,2.4415455198717595,0.0,4.8311033820000375,0.0,5.014992076059582e-06,0.0,0.00390625,0.0,14.9013671875,0.0,0.7256453993511931,0.5040276179516686,0.17,2.86829436075,4360.0,1204.0,1893.0,0.25,0.23006644518272426,0.12097200211304807
co2_capture,precursor_descriptor,logistic_regression,metal_element_holdout,test_partial_unseen,1,0.5544794188861986,0.0,0.19069767441860466,0.0,0.803921568627451,0.0,0.3082706766917293,0.0,0.7280630484237894,0.0,0.2883033409280192,0.0,2.699346405228758,0.0,1.9466440422322777,0.0,3.982683945999952,0.0,8.446605326839226e-06,0.0,0.00390625,0.0,14.9013671875,0.0,0.7256453993511931,0.5040276179516686,0.17,2.86829436075,4360.0,1204.0,413.0,0.25,0.23006644518272426,0.1234866828087167
co2_capture,precursor_descriptor,logistic_regression,random_group_aware,test,1,0.8025423728813559,0.0,0.49517684887459806,0.0,0.6695652173913044,0.0,0.5693160813308688,0.0,0.8129839816933639,0.0,0.5333175228049871,0.0,3.1739130434782608,0.0,2.5739130434782607,0.0,5.921030138000106,0.0,4.300811016881167e-06,0.0,2.86328125,0.0,14.9013671875,0.0,0.7548200845447983,0.526148969889065,0.32,2.68603160475,5510.0,1180.0,1180.0,0.2500907441016334,0.2245762711864407,0.19491525423728814
co2_capture,precursor_descriptor,logistic_regression,scaffold,test,3,0.7200564971751412,0.010356103265436933,0.48222910895118254,0.02137134220371455,0.7047088597019272,0.011511714317990628,0.5725417494954426,0.018847373063855005,0.7685123641669481,0.020532143220781465,0.5521844584698048,0.052261184387659414,2.6313131440502633,0.08615032657927421,2.0316703300715875,0.13133399349858857,5.966743272333322,0.6086721132752512,4.315765254220377e-06,2.1802672434380324e-07,18.065104166666668,14.615206751597018,14.9013671875,0.0,0.7521354421531843,0.5807842418090293,0.2816666666666667,2.5625927465,5510.0,1180.0,1180.0,0.2500907441016334,0.29209039548022603,0.2661016949152542
co2_capture,precursor_descriptor,random_forest,metal_element_holdout,test,1,0.8872506504770165,0.0,0.5290697674418605,0.0,0.65,0.0,0.5833333333333334,0.0,0.8505314835707235,0.0,0.6233319137819827,0.0,5.52612863327149,0.0,2.897487001733102,0.0,5.318157028999963,0.0,3.590245836946892e-05,0.0,0.00390625,0.0,17186.7314453125,0.0,0.7264242792440191,0.5093632958801498,0.38,2.86829436075,4360.0,1204.0,2306.0,0.25,0.23006644518272426,0.12142237640936687
co2_capture,precursor_descriptor,random_forest,metal_element_holdout,test_fully_unseen,1,0.8922345483359746,0.0,0.5441696113074205,0.0,0.6724890829694323,0.0,0.6015625,0.0,0.8523445372858582,0.0,0.6511906253913493,0.0,5.873477361526086,0.0,2.912415012989885,0.0,6.491673807999973,0.0,3.785218700475638e-05,0.0,0.00390625,0.0,17186.7314453125,0.0,0.7264242792440191,0.5093632958801498,0.38,2.86829436075,4360.0,1204.0,1893.0,0.25,0.23006644518272426,0.12097200211304807
co2_capture,precursor_descriptor,random_forest,metal_element_holdout,test_partial_unseen,1,0.864406779661017,0.0,0.45901639344262296,0.0,0.5490196078431373,0.0,0.5,0.0,0.8398602534936626,0.0,0.4703098562632178,0.0,3.8562091503267975,0.0,2.8031674208144794,0.0,5.464179197000021,0.0,0.0001025006246974412,0.0,0.00390625,0.0,17186.7314453125,0.0,0.7264242792440191,0.5093632958801498,0.38,2.86829436075,4360.0,1204.0,413.0,0.25,0.23006644518272426,0.1234866828087167
co2_capture,precursor_descriptor,random_forest,random_group_aware,test,1,0.8161016949152542,0.0,0.5223367697594502,0.0,0.6608695652173913,0.0,0.5834932821497121,0.0,0.8407139588100686,0.0,0.63141138358671,0.0,3.913043478260869,0.0,2.6608695652173915,0.0,6.399699661,0.0,5.0565774576348226e-05,0.0,21.12890625,0.0,19905.7275390625,0.0,0.811126920301062,0.5973154362416108,0.32,2.68603160475,5510.0,1180.0,1180.0,0.2500907441016334,0.2245762711864407,0.19491525423728814
co2_capture,precursor_descriptor,random_forest,scaffold,test,3,0.6920903954802259,0.08715776562302392,0.4694477999207686,0.07298502225588492,0.6910420022937694,0.16136949986943863,0.5461094662969751,0.012533620279779388,0.7901628212404397,0.004883571146680645,0.5989009217029962,0.01957107126443396,2.7401891589123646,0.06733912079982328,2.128089733557481,0.03358124836831693,6.906290488333298,0.9194907606517102,5.335416186441716e-05,1.7559292121621542e-06,9.365885416666666,8.107711788034003,21397.265299479168,2328.803307713266,0.7845218205668735,0.5943978779286317,0.305,2.5625927465,5510.0,1180.0,1180.0,0.2500907441016334,0.29209039548022603,0.2661016949152542
co2_capture,precursor_descriptor,xgboost,metal_element_holdout,test,1,0.8764093668690373,0.0,0.49216300940438873,0.0,0.5607142857142857,0.0,0.5242070116861436,0.0,0.8212531730362431,0.0,0.5162391775099947,0.0,4.741774891774892,0.0,2.7404803169101264,0.0,2.700598652999929,0.0,2.1938891587147216e-05,0.0,0.00390625,0.0,612.4775390625,0.0,0.7436667328714575,0.4930966469428008,0.41,2.86829436075,4360.0,1204.0,2306.0,0.25,0.23006644518272426,0.12142237640936687
co2_capture,precursor_descriptor,xgboost,metal_element_holdout,test_fully_unseen,1,0.8837823560486001,0.0,0.5180722891566265,0.0,0.5633187772925764,0.0,0.5397489539748954,0.0,0.8186605118407793,0.0,0.5518793503307127,0.0,4.916318087795909,0.0,2.7554585152838427,0.0,3.6588273989999607,0.0,3.724203856310973e-05,0.0,0.00390625,0.0,612.4775390625,0.0,0.7436667328714575,0.4930966469428008,0.41,2.86829436075,4360.0,1204.0,1893.0,0.25,0.23006644518272426,0.12097200211304807
co2_capture,precursor_descriptor,xgboost,metal_element_holdout,test_partial_unseen,1,0.8426150121065376,0.0,0.4,0.0,0.5490196078431373,0.0,0.4628099173553719,0.0,0.828675116455422,0.0,0.3414720369279872,0.0,3.6633986928104574,0.0,2.7253016591251886,0.0,2.6439808820000508,0.0,8.924128329298854e-05,0.0,0.00390625,0.0,612.4775390625,0.0,0.7436667328714575,0.4930966469428008,0.41,2.86829436075,4360.0,1204.0,413.0,0.25,0.23006644518272426,0.1234866828087167
co2_capture,precursor_descriptor,xgboost,random_group_aware,test,1,0.8254237288135593,0.0,0.548,0.0,0.5956521739130435,0.0,0.5708333333333333,0.0,0.8291716247139589,0.0,0.6066232698170761,0.0,3.782608695652174,0.0,2.5739130434782607,0.0,3.402574587999993,0.0,6.111638050845736e-05,0.0,0.0078125,0.0,611.556640625,0.0,0.7961748633879782,0.5746268656716418,0.365,2.68603160475,5510.0,1180.0,1180.0,0.2500907441016334,0.2245762711864407,0.19491525423728814
co2_capture,precursor_descriptor,xgboost,scaffold,test,3,0.6790960451977401,0.036365050941817204,0.4443730192938736,0.04013044853964569,0.7819395161296407,0.03744178377169801,0.565229465923218,0.02764596820968444,0.7936818062053482,0.01996119305457757,0.5804728464195487,0.04874041739146485,2.6515392002001694,0.3012804644072997,2.157989610117624,0.14218409251236339,3.5886103166666694,0.9497523049342151,4.099028700565635e-05,1.7379450742867416e-05,0.00390625,0.0,236.28548177083334,3.2189876629143757,0.7804905214065342,0.5935594405086612,0.25,2.5625927465,5510.0,1180.0,1180.0,0.2500907441016334,0.29209039548022603,0.2661016949152542
co2_capture,precursor_only,logistic_regression,metal_element_holdout,test,1,0.5689505637467476,0.0,0.15738963531669867,0.0,0.5857142857142857,0.0,0.2481089258698941,0.0,0.6178659568467071,0.0,0.17336620090760468,0.0,1.9965367965367966,0.0,1.541520178261946,0.0,2.272809407000068,0.0,2.9690875975400067e-06,0.0,20.40234375,0.0,14.0791015625,0.0,0.7162092694496045,0.47844228094575797,0.25,2.86829436075,4360.0,1204.0,2306.0,0.25,0.23006644518272426,0.12142237640936687
co2_capture,precursor_only,logistic_regression,metal_element_holdout,test_fully_unseen,1,0.5552033808769149,0.0,0.15523059617547807,0.0,0.6026200873362445,0.0,0.24686940966010734,0.0,0.6077348211286531,0.0,0.1660758407619129,0.0,1.8273040680303378,0.0,1.4998065336355095,0.0,2.88399519699999,0.0,4.619353935501739e-06,0.0,0.00390625,0.0,14.0791015625,0.0,0.7162092694496045,0.47844228094575797,0.25,2.86829436075,4360.0,1204.0,1893.0,0.25,0.23006644518272426,0.12097200211304807
co2_capture,precursor_only,logistic_regression,metal_element_holdout,test_partial_unseen,1,0.6319612590799032,0.0,0.16993464052287582,0.0,0.5098039215686274,0.0,0.2549019607843137,0.0,0.6656916910410573,0.0,0.25135751073248674,0.0,2.5065359477124183,0.0,1.557315233785822,0.0,2.276976631000025,0.0,8.109631961194456e-06,0.0,0.00390625,0.0,14.0791015625,0.0,0.7162092694496045,0.47844228094575797,0.25,2.86829436075,4360.0,1204.0,413.0,0.25,0.23006644518272426,0.1234866828087167
co2_capture,precursor_only,logistic_regression,random_group_aware,test,1,0.7711864406779662,0.0,0.44285714285714284,0.0,0.6739130434782609,0.0,0.5344827586206896,0.0,0.8036430205949656,0.0,0.5212288737454387,0.0,3.08695652173913,0.0,2.5217391304347827,0.0,2.4307513520000157,0.0,4.1599330508411105e-06,0.0,53.51953125,0.0,14.0791015625,0.0,0.7473533353954016,0.5241809672386896,0.295,2.68603160475,5510.0,1180.0,1180.0,0.2500907441016334,0.2245762711864407,0.19491525423728814
co2_capture,precursor_only,logistic_regression,scaffold,test,3,0.7240112994350282,0.014588419586073818,0.48677149459046665,0.030109011080835288,0.656196556035093,0.036520823907770124,0.5583582979999554,0.025462667224087736,0.758302194653142,0.018923877491266325,0.5415253712732833,0.049112366086364836,2.5656291161573,0.1643524802339247,1.955380717451411,0.12076319681026126,2.768949444666646,0.12336311972128268,4.691312994386323e-06,8.977564254774632e-07,37.83984375,12.318802048540793,14.0791015625,0.0,0.7465060340386716,0.579338096094707,0.3216666666666667,2.5625927465,5510.0,1180.0,1180.0,0.2500907441016334,0.29209039548022603,0.2661016949152542
co2_capture,precursor_only,random_forest,metal_element_holdout,test,1,0.7415437987857763,0.0,0.2492063492063492,0.0,0.5607142857142857,0.0,0.34505494505494505,0.0,0.7553835848258357,0.0,0.4022763172195441,0.0,3.5295918367346935,0.0,2.126726912602129,0.0,4.895495304000065,0.0,3.0873745446670924e-05,0.0,0.00390625,0.0,13591.98046875,0.0,0.7294346500297921,0.5071315372424723,0.305,2.86829436075,4360.0,1204.0,2306.0,0.25,0.23006644518272426,0.12142237640936687
co2_capture,precursor_only,random_forest,metal_element_holdout,test_fully_unseen,1,0.7231907025884838,0.0,0.23423423423423423,0.0,0.5676855895196506,0.0,0.33163265306122447,0.0,0.7474780609674169,0.0,0.415627014528392,0.0,3.56759365663066,0.0,2.0927533027472225,0.0,5.760204838999925,0.0,4.5761320126756386e-05,0.0,0.00390625,0.0,13591.98046875,0.0,0.7294346500297921,0.5071315372424723,0.305,2.86829436075,4360.0,1204.0,1893.0,0.25,0.23006644518272426,0.12097200211304807
co2_capture,precursor_only,random_forest,metal_element_holdout,test_partial_unseen,1,0.8256658595641646,0.0,0.36,0.0,0.5294117647058824,0.0,0.42857142857142855,0.0,0.793955151121222,0.0,0.3690215025078441,0.0,3.2777777777777777,0.0,2.569570135746606,0.0,4.356013807999943,0.0,6.81760750604855e-05,0.0,0.00390625,0.0,13591.98046875,0.0,0.7294346500297921,0.5071315372424723,0.305,2.86829436075,4360.0,1204.0,413.0,0.25,0.23006644518272426,0.1234866828087167
co2_capture,precursor_only,random_forest,random_group_aware,test,1,0.8338983050847457,0.0,0.580952380952381,0.0,0.5304347826086957,0.0,0.5545454545454546,0.0,0.8407780320366133,0.0,0.6172282264625029,0.0,3.913043478260869,0.0,2.6086956521739126,0.0,5.508341643999984,0.0,7.903756694917073e-05,0.0,0.00390625,0.0,21786.44140625,0.0,0.8011361996082069,0.5725338491295938,0.395,2.68603160475,5510.0,1180.0,1180.0,0.2500907441016334,0.2245762711864407,0.19491525423728814
co2_capture,precursor_only,random_forest,scaffold,test,3,0.7225988700564971,0.026179903376491877,0.4873739842039349,0.029040416749326715,0.699336314884305,0.07581351013670078,0.5724670807037716,0.02569792625580265,0.7744677481954169,0.009597747725227595,0.5480163931927858,0.04693176097388401,2.2338381828856324,0.30598563305582827,2.038975412324625,0.16938925070580688,6.201893261000009,0.8626670554856224,5.6055236158169474e-05,1.1319783453470538e-05,17.033854166666668,19.151095802023818,19588.662434895832,3305.8920391084202,0.7870263599079886,0.6060296652344009,0.33,2.5625927465,5510.0,1180.0,1180.0,0.2500907441016334,0.29209039548022603,0.2661016949152542
co2_capture,precursor_only,xgboost,metal_element_holdout,test,1,0.6691240242844753,0.0,0.204406364749082,0.0,0.5964285714285714,0.0,0.30446672743846853,0.0,0.7073041531518827,0.0,0.28188135995532254,0.0,2.852195423623995,0.0,1.8983535528596187,0.0,2.365311341999927,0.0,1.9613134865563253e-05,0.0,0.00390625,0.0,566.794921875,0.0,0.7353852924109837,0.5121951219512195,0.275,2.86829436075,4360.0,1204.0,2306.0,0.25,0.23006644518272426,0.12142237640936687
co2_capture,precursor_only,xgboost,metal_element_holdout,test_fully_unseen,1,0.6492340200739567,0.0,0.1958041958041958,0.0,0.611353711790393,0.0,0.2966101694915254,0.0,0.6931107238831038,0.0,0.2985290076408725,0.0,2.871477821190531,0.0,1.8834779724725002,0.0,2.145451954000009,0.0,2.2364629688331698e-05,0.0,0.00390625,0.0,566.794921875,0.0,0.7353852924109837,0.5121951219512195,0.275,2.86829436075,4360.0,1204.0,1893.0,0.25,0.23006644518272426,0.12097200211304807
co2_capture,precursor_only,xgboost,metal_element_holdout,test_partial_unseen,1,0.7602905569007264,0.0,0.2647058823529412,0.0,0.5294117647058824,0.0,0.35294117647058826,0.0,0.7767847470479905,0.0,0.3178730131385342,0.0,2.699346405228758,0.0,2.10237556561086,0.0,2.2077024300000403,0.0,8.341109200977564e-05,0.0,0.00390625,0.0,566.794921875,0.0,0.7353852924109837,0.5121951219512195,0.275,2.86829436075,4360.0,1204.0,413.0,0.25,0.23006644518272426,0.1234866828087167
co2_capture,precursor_only,xgboost,random_group_aware,test,1,0.8313559322033899,0.0,0.5676855895196506,0.0,0.5652173913043478,0.0,0.5664488017429193,0.0,0.8295286041189932,0.0,0.6157861148869644,0.0,3.5217391304347823,0.0,2.5391304347826087,0.0,3.9511090400000057,0.0,3.43515423728373e-05,0.0,0.00390625,0.0,584.869140625,0.0,0.7844788122486855,0.5433962264150943,0.385,2.68603160475,5510.0,1180.0,1180.0,0.2500907441016334,0.2245762711864407,0.19491525423728814
co2_capture,precursor_only,xgboost,scaffold,test,3,0.7062146892655367,0.02446399445718753,0.4687093344946487,0.022653974335947295,0.7208564773635503,0.08137141220413105,0.5657594296983327,0.008039302073451013,0.7782978466780738,0.015875112200286152,0.5684404257372622,0.021180332851768274,2.527307622311499,0.2082983043074206,2.0886163973491225,0.05093447585664448,2.969513334000036,0.8861230343877666,3.660156694910914e-05,1.2776350774880089e-05,3.7161458333333335,6.429787568201652,227.54329427083334,1.7608389564252267,0.7791193987290667,0.6058650936756562,0.30833333333333335,2.5625927465,5510.0,1180.0,1180.0,0.2500907441016334,0.29209039548022603,0.2661016949152542
co2_capture,shap_selected,logistic_regression,scaffold,test,3,0.5502824858757062,0.018300637668639024,0.3578527013968576,0.0034854438988748135,0.8686589204798961,0.03774801458763683,0.5067944707306603,0.009523328073344483,0.7306661007127947,0.005846918927442144,0.4755317963028068,0.02529013255218378,2.209596187394667,0.17621903357405067,1.7409461541016655,0.033959762199526136,0.37023346333330664,0.008611091077462314,1.3751412429343672e-06,1.1124567514605814e-07,0.00390625,0.0,1.8662109375,0.005437269885576193,0.7559696496877107,0.562120987018535,0.19166666666666665,2.5625927465,5510.0,1180.0,1180.0,0.2500907441016334,0.29209039548022603,0.2661016949152542
co2_capture,shap_selected,random_forest,scaffold,test,3,0.6454802259887006,0.017395259116769115,0.40740837065338126,0.0036611339478472026,0.7324266656734055,0.12424266174142995,0.5212702601115304,0.03407067419283501,0.7583753688688172,0.015910265926962094,0.5617650301164877,0.02813123244666035,2.566764102395309,0.10836964293059898,1.9238059628993252,0.05985039476920012,4.4721453916666105,0.12292607093655417,2.132616666662894e-05,2.417339877618394e-07,0.00390625,0.0,5827.142903645833,180.5523812440783,0.774677257494134,0.5816368575299542,0.2816666666666667,2.5625927465,5510.0,1180.0,1180.0,0.2500907441016334,0.29209039548022603,0.2661016949152542
co2_capture,shap_selected,xgboost,scaffold,test,3,0.6607344632768362,0.03729134552182723,0.4201158209297314,0.03393972855938146,0.7012129921576126,0.02800224977658122,0.5245620633474712,0.02383155227229232,0.7653815903299203,0.018596490039666614,0.5516307436450036,0.009197093372509185,2.7198077979320554,0.10469396372372528,1.9196683663115222,0.04058488543061726,0.9173955950000163,0.02988931047350471,3.8413686440556166e-06,3.9241867980776117e-08,0.00390625,0.0,228.66471354166666,1.733675520694545,0.7680084286731491,0.5892838461211533,0.31666666666666665,2.5625927465,5510.0,1180.0,1180.0,0.2500907441016334,0.29209039548022603,0.2661016949152542
