application,feature_group,model,split_type,test_subset,seed,accuracy,precision,recall,f1,roc_auc,pr_auc,enrichment_top10,enrichment_top25,train_time_sec,inference_time_sec_total,inference_time_sec_per_sample,peak_rss_delta_mb,model_size_kb,best_params,validation_auc,validation_f1_at_selected_threshold,selected_probability_threshold,label_cutoff_value,n_train,n_valid,n_test,train_positive_rate,valid_positive_rate,test_positive_rate,baseline_k,baseline_metal_weight
co2_capture,precursor_only,logistic_regression,scaffold,test,42,0.735593220338983,0.5057471264367817,0.694006309148265,0.5851063829787234,0.7788161025839727,0.5694524645440165,2.6498422712933754,2.056782334384858,2.7736747739999146,0.005184759000030681,4.393863559348035e-06,51.5,14.0791015625,"{""C"": 0.1}",0.7192299639330533,0.5714285714285714,0.3,2.546270269,5510,1180,1180,0.2500907441016334,0.30677966101694915,0.26864406779661015,,
co2_capture,precursor_only,random_forest,scaffold,test,42,0.6923728813559322,0.4567669172932331,0.7665615141955836,0.5724381625441696,0.7820730267462559,0.5688264469512507,2.429022082018928,2.056782334384858,5.314672907000045,0.07746208399998977,6.564583389829642e-05,37.765625,21435.34765625,"{""max_depth"": null, ""min_samples_leaf"": 2, ""n_estimators"": 250}",0.7788147212578855,0.6062992125984252,0.31,2.546270269,5510,1180,1180,0.2500907441016334,0.30677966101694915,0.26864406779661015,,
co2_capture,precursor_only,xgboost,scaffold,test,42,0.6779661016949152,0.44540727902946275,0.8107255520504731,0.5749440715883669,0.7953712199026943,0.5910793938852497,2.744479495268139,2.145110410094637,3.9923960010000883,0.06059736600002452,5.135370000002078e-05,11.140625,225.5390625,"{""learning_rate"": 0.1, ""max_depth"": 4, ""n_estimators"": 150}",0.7694417052776614,0.6102857142857143,0.26,2.546270269,5510,1180,1180,0.2500907441016334,0.30677966101694915,0.26864406779661015,,
co2_capture,descriptor_only,logistic_regression,scaffold,test,42,0.5745762711864407,0.36916548797736914,0.8233438485804416,0.509765625,0.7017648069422563,0.43811606095190586,2.2082018927444795,1.640378548895899,0.6329167760000018,0.0015602869999611357,1.322277118611132e-06,0.00390625,1.9921875,"{""C"": 1.0}",0.6813039484526333,0.516320474777448,0.19,2.546270269,5510,1180,1180,0.2500907441016334,0.30677966101694915,0.26864406779661015,,
co2_capture,descriptor_only,random_forest,scaffold,test,42,0.7152542372881356,0.47785547785547783,0.6466876971608833,0.5495978552278821,0.760100668565016,0.5978915902848235,2.744479495268139,1.8927444794952681,6.205081247999942,0.050202469000055316,4.2544465254284166e-05,0.00390625,23550.8017578125,"{""max_depth"": 16, ""min_samples_leaf"": 1, ""n_estimators"": 250}",0.7345938753731645,0.5548216644649934,0.34,2.546270269,5510,1180,1180,0.2500907441016334,0.30677966101694915,0.26864406779661015,,
co2_capture,descriptor_only,xgboost,scaffold,test,42,0.5288135593220339,0.3582443653618031,0.9526813880126183,0.5206896551724138,0.7835223762752631,0.5798729593205763,2.6813880126182967,2.0063091482649846,1.0276763579998942,0.00398968500007868,3.3810889831175255e-06,0.00390625,227.8154296875,"{""learning_rate"": 0.1, ""max_depth"": 3, ""n_estimators"": 200}",0.731596739115752,0.5463576158940397,0.125,2.546270269,5510,1180,1180,0.2500907441016334,0.30677966101694915,0.26864406779661015,,
co2_capture,precursor_descriptor,logistic_regression,scaffold,test,42,0.7313559322033898,0.5,0.7160883280757098,0.5888456549935149,0.7890255180556419,0.5714316853714829,2.7129337539432177,2.145110410094637,6.661467687000027,0.005272840999964501,4.468509322003814e-06,19.328125,14.9013671875,"{""C"": 0.1}",0.7268131407961743,0.5660818713450292,0.275,2.546270269,5510,1180,1180,0.2500907441016334,0.30677966101694915,0.26864406779661015,,
co2_capture,precursor_descriptor,random_forest,scaffold,test,42,0.5915254237288136,0.3855755894590846,0.8769716088328076,0.535645472061657,0.7897529343388006,0.6158990449816457,2.744479495268139,2.1198738170347005,6.428370721999954,0.06063604899998154,5.138648220337419e-05,0.00390625,18708.3310546875,"{""max_depth"": 16, ""min_samples_leaf"": 1, ""n_estimators"": 250}",0.7760776182306934,0.5844027640671273,0.215,2.546270269,5510,1180,1180,0.2500907441016334,0.30677966101694915,0.26864406779661015,,
co2_capture,precursor_descriptor,xgboost,scaffold,test,42,0.6966101694915254,0.4625228519195612,0.7981072555205048,0.5856481481481481,0.8157553249430678,0.6365785092086693,2.996845425867508,2.296529968454259,3.058221806000006,0.035227254000005814,2.985360508475069e-05,0.00390625,232.5703125,"{""learning_rate"": 0.1, ""max_depth"": 4, ""n_estimators"": 150}",0.7679591781599102,0.5903890160183066,0.245,2.546270269,5510,1180,1180,0.2500907441016334,0.30677966101694915,0.26864406779661015,,
ch4_storage,precursor_only,logistic_regression,scaffold,test,42,0.7245762711864406,0.5,0.6061538461538462,0.5479833101529903,0.7569482681061628,0.509324990972231,2.1846153846153844,1.9815384615384615,3.8772543729999143,0.007448228999919593,6.312058474508129e-06,0.00390625,14.0791015625,"{""C"": 0.1}",0.7833316326530612,0.5269709543568465,0.32,8.241883439925001,5510,1180,1180,0.2500907441016334,0.1694915254237288,0.2754237288135593,,
ch4_storage,precursor_only,random_forest,scaffold,test,42,0.7559322033898305,0.557632398753894,0.5507692307692308,0.5541795665634675,0.793331533963113,0.6156422655290811,2.769230769230769,2.0923076923076924,5.425901927000041,0.05568768899991028,4.719295677958498e-05,0.00390625,17531.5546875,"{""max_depth"": 16, ""min_samples_leaf"": 1, ""n_estimators"": 250}",0.854938775510204,0.6337662337662338,0.345,8.241883439925001,5510,1180,1180,0.2500907441016334,0.1694915254237288,0.2754237288135593,,
ch4_storage,precursor_only,xgboost,scaffold,test,42,0.7889830508474577,0.668141592920354,0.4646153846153846,0.5480943738656987,0.8009266756635177,0.6449915135904436,2.953846153846154,2.1538461538461537,2.5758080040000095,0.03689888700000665,3.127024322034462e-05,0.00390625,586.064453125,"{""learning_rate"": 0.05, ""max_depth"": 6, ""n_estimators"": 250}",0.8401632653061224,0.592375366568915,0.445,8.241883439925001,5510,1180,1180,0.2500907441016334,0.1694915254237288,0.2754237288135593,,
ch4_storage,descriptor_only,logistic_regression,scaffold,test,42,0.7567796610169492,0.5688405797101449,0.48307692307692307,0.5224625623960066,0.7508448043184885,0.5724704574993723,2.430769230769231,1.9815384615384615,0.4106819999999516,0.0015982470000608373,1.3544466102210485e-06,0.00390625,1.9921875,"{""C"": 10.0}",0.7468954081632653,0.533678756476684,0.38,8.241883439925001,5510,1180,1180,0.2500907441016334,0.1694915254237288,0.2754237288135593,,
ch4_storage,descriptor_only,random_forest,scaffold,test,42,0.7711864406779662,0.6950354609929078,0.30153846153846153,0.4206008583690987,0.7953684210526316,0.621368459677959,2.4923076923076923,2.116923076923077,7.182129798000005,0.02576469600001019,2.1834488135601856e-05,0.00390625,5888.404296875,"{""max_depth"": 10, ""min_samples_leaf"": 1, ""n_estimators"": 150}",0.7760280612244898,0.5179063360881543,0.44,8.241883439925001,5510,1180,1180,0.2500907441016334,0.1694915254237288,0.2754237288135593,,
ch4_storage,descriptor_only,xgboost,scaffold,test,42,0.7796610169491526,0.6382978723404256,0.46153846153846156,0.5357142857142857,0.8006261808367071,0.6238975398608652,2.707692307692308,2.116923076923077,1.055489744000056,0.004950046999965707,4.194955084716701e-06,0.00390625,231.2841796875,"{""learning_rate"": 0.1, ""max_depth"": 3, ""n_estimators"": 200}",0.7846811224489796,0.5275229357798165,0.385,8.241883439925001,5510,1180,1180,0.2500907441016334,0.1694915254237288,0.2754237288135593,,
ch4_storage,precursor_descriptor,logistic_regression,scaffold,test,42,0.7593220338983051,0.5694915254237288,0.5169230769230769,0.5419354838709678,0.770475933423302,0.5547344164773635,2.4000000000000004,2.0676923076923077,5.604315337000003,0.005082188999949722,4.306939830465866e-06,28.171875,14.9013671875,"{""C"": 0.1}",0.7816326530612244,0.5128205128205128,0.425,8.241883439925001,5510,1180,1180,0.2500907441016334,0.1694915254237288,0.2754237288135593,,
ch4_storage,precursor_descriptor,random_forest,scaffold,test,42,0.7838983050847458,0.6470588235294118,0.47384615384615386,0.5470692717584369,0.8053117408906882,0.6659389089754666,2.9846153846153847,2.1538461538461537,7.690232006999963,0.05787273800001458,4.904469322035134e-05,14.046875,19651.8212890625,"{""max_depth"": 16, ""min_samples_leaf"": 1, ""n_estimators"": 250}",0.8281301020408163,0.6041666666666666,0.37,8.241883439925001,5510,1180,1180,0.2500907441016334,0.1694915254237288,0.2754237288135593,,
ch4_storage,precursor_descriptor,xgboost,scaffold,test,42,0.773728813559322,0.5895061728395061,0.5876923076923077,0.588597842835131,0.8243076923076923,0.682103993531278,3.0461538461538464,2.1661538461538465,3.2183553330000905,0.037386919000027774,3.1683829661040486e-05,0.00390625,239.875,"{""learning_rate"": 0.1, ""max_depth"": 4, ""n_estimators"": 150}",0.8349846938775509,0.6095238095238096,0.32,8.241883439925001,5510,1180,1180,0.2500907441016334,0.1694915254237288,0.2754237288135593,,
co2_capture,precursor_only,logistic_regression,scaffold,test,7,0.7076271186440678,0.4520547945205479,0.6534653465346535,0.5344129554655871,0.7415262050720465,0.48481743788729237,2.3762376237623766,1.8217821782178218,2.6432915540000295,0.004696437999996306,3.980032203386699e-06,34.4453125,14.0791015625,"{""C"": 0.1}",0.7602226061051174,0.5940366972477065,0.325,2.567051158,5510,1180,1180,0.2500907441016334,0.2957627118644068,0.25677966101694916,,
co2_capture,precursor_only,random_forest,scaffold,test,7,0.7372881355932204,0.49081364829396323,0.6171617161716172,0.5467836257309941,0.7636839510632932,0.4942778177046853,1.881188118811881,1.8613861386138615,7.037708080000016,0.06956220899996879,5.895102457624474e-05,13.33203125,21558.62890625,"{""max_depth"": null, ""min_samples_leaf"": 2, ""n_estimators"": 250}",0.8062023522596795,0.6314199395770392,0.365,2.567051158,5510,1180,1180,0.2500907441016334,0.2957627118644068,0.25677966101694916,,
co2_capture,precursor_only,xgboost,scaffold,test,7,0.7203389830508474,0.4700665188470067,0.6996699669966997,0.5623342175066313,0.7755399257143502,0.54910755657284,2.508250825082508,2.0462046204620465,2.4357713450000347,0.03463566199991419,2.9352255932130672e-05,0.00390625,228.2490234375,"{""learning_rate"": 0.1, ""max_depth"": 4, ""n_estimators"": 150}",0.7859985035463194,0.612565445026178,0.335,2.567051158,5510,1180,1180,0.2500907441016334,0.2957627118644068,0.25677966101694916,,
co2_capture,descriptor_only,logistic_regression,scaffold,test,7,0.6025423728813559,0.3639344262295082,0.7326732673267327,0.48630887185104055,0.6830290782784094,0.41861940884670307,2.112211221122112,1.7293729372937294,0.3974977880000097,0.001409684999998717,1.1946483050836587e-06,0.00390625,1.9921875,"{""C"": 10.0}",0.7330330081822225,0.5494736842105263,0.21,2.567051158,5510,1180,1180,0.2500907441016334,0.2957627118644068,0.25677966101694916,,
co2_capture,descriptor_only,random_forest,scaffold,test,7,0.6872881355932203,0.4318181818181818,0.6897689768976898,0.531130876747141,0.7750074323281816,0.5831156397079801,2.8052805280528053,2.099009900990099,6.099862510000094,0.02408757400007744,2.0413198305150373e-05,0.00390625,5626.529296875,"{""max_depth"": 10, ""min_samples_leaf"": 1, ""n_estimators"": 150}",0.7527851623514321,0.567741935483871,0.28,2.567051158,5510,1180,1180,0.2500907441016334,0.2957627118644068,0.25677966101694916,,
co2_capture,descriptor_only,xgboost,scaffold,test,7,0.7084745762711865,0.4557235421166307,0.6963696369636964,0.5509138381201044,0.7773274476820544,0.571395230139367,2.706270627062706,2.178217821782178,1.5437016590000212,0.008200540999951045,6.949611016907665e-06,0.00390625,230.1318359375,"{""learning_rate"": 0.1, ""max_depth"": 3, ""n_estimators"": 200}",0.7643775063013114,0.5770750988142292,0.285,2.567051158,5510,1180,1180,0.2500907441016334,0.2957627118644068,0.25677966101694916,,
co2_capture,precursor_descriptor,logistic_regression,scaffold,test,7,0.7110169491525423,0.4585152838427948,0.693069306930693,0.5519053876478318,0.7479612841557817,0.4930291421808094,2.541254125412541,1.8877887788778878,5.711577768999973,0.004797973999984606,4.066079661003904e-06,32.0078125,14.9013671875,"{""C"": 0.1}",0.7651257331416218,0.600896860986547,0.305,2.567051158,5510,1180,1180,0.2500907441016334,0.2957627118644068,0.25677966101694916,,
co2_capture,precursor_descriptor,random_forest,scaffold,test,7,0.7457627118644068,0.5042492917847026,0.5874587458745875,0.5426829268292683,0.7952384177984503,0.5775051673019427,2.8052805280528053,2.165016501650165,6.324179253000011,0.06461872900001708,5.4761634745777186e-05,14.046875,22765.169921875,"{""max_depth"": null, ""min_samples_leaf"": 2, ""n_estimators"": 250}",0.7976236039707743,0.6196769456681351,0.355,2.567051158,5510,1180,1180,0.2500907441016334,0.2957627118644068,0.25677966101694916,,
co2_capture,precursor_descriptor,xgboost,scaffold,test,7,0.6372881355932203,0.3983739837398374,0.8085808580858086,0.5337690631808278,0.7883912678611076,0.5485801921463492,2.442244224422442,2.165016501650165,4.68509601400001,0.07199930599995241,6.1016361016908825e-05,0.00390625,238.04296875,"{""learning_rate"": 0.1, ""max_depth"": 3, ""n_estimators"": 200}",0.7965598805595494,0.6088939566704675,0.235,2.567051158,5510,1180,1180,0.2500907441016334,0.2957627118644068,0.25677966101694916,,
ch4_storage,precursor_only,logistic_regression,scaffold,test,7,0.7652542372881356,0.5636856368563685,0.6419753086419753,0.6002886002886003,0.7878519095419407,0.551293656695367,2.3456790123456788,2.0370370370370368,3.17378562600004,0.007064223000043057,5.986629661053438e-06,22.51953125,14.0791015625,"{""C"": 0.1}",0.7697182565706503,0.5253623188405797,0.38,8.151024926725,5510,1180,1180,0.2500907441016334,0.21864406779661016,0.2745762711864407,,
ch4_storage,precursor_only,random_forest,scaffold,test,7,0.7050847457627119,0.47718631178707227,0.7746913580246914,0.5905882352941176,0.7903884706357447,0.5949414451894464,2.3765432098765435,2.197530864197531,4.985134190000053,0.024529221000079815,2.0787475423796454e-05,0.00390625,3989.6552734375,"{""max_depth"": 10, ""min_samples_leaf"": 1, ""n_estimators"": 150}",0.7956666498511829,0.5950155763239875,0.26,8.151024926725,5510,1180,1180,0.2500907441016334,0.21864406779661016,0.2745762711864407,,
ch4_storage,precursor_only,xgboost,scaffold,test,7,0.773728813559322,0.5816618911174785,0.6265432098765432,0.6032689450222882,0.8183879946925119,0.6719989786415638,2.993827160493827,2.2716049382716053,3.0944956189999857,0.0610017550000066,5.169640254237847e-05,0.00390625,578.1494140625,"{""learning_rate"": 0.05, ""max_depth"": 6, ""n_estimators"": 250}",0.7870487144562713,0.5555555555555556,0.335,8.151024926725,5510,1180,1180,0.2500907441016334,0.21864406779661016,0.2745762711864407,,
ch4_storage,descriptor_only,logistic_regression,scaffold,test,7,0.7601694915254237,0.5762081784386617,0.4783950617283951,0.5227655986509275,0.7613631446867429,0.5621743300183129,2.5617283950617282,2.0987654320987654,0.5732768529999248,0.002034623999975338,1.724257627097744e-06,0.00390625,1.9921875,"{""C"": 10.0}",0.7103112546032387,0.5121951219512195,0.405,8.151024926725,5510,1180,1180,0.2500907441016334,0.21864406779661016,0.2745762711864407,,
ch4_storage,descriptor_only,random_forest,scaffold,test,7,0.7805084745762711,0.6540284360189573,0.42592592592592593,0.5158878504672897,0.7811274085612092,0.6019121533180053,2.654320987654321,2.123456790123457,6.061641782000038,0.0493408659999659,4.181429322031008e-05,0.00390625,19233.212890625,"{""max_depth"": null, ""min_samples_leaf"": 2, ""n_estimators"": 250}",0.7512296322453714,0.5153374233128835,0.425,8.151024926725,5510,1180,1180,0.2500907441016334,0.21864406779661016,0.2745762711864407,,
ch4_storage,descriptor_only,xgboost,scaffold,test,7,0.7720338983050847,0.6455026455026455,0.3765432098765432,0.4756335282651072,0.7926618206992038,0.5926150343215928,2.5925925925925926,2.0864197530864197,1.0753418419999434,0.004549000999986674,3.855085593209046e-06,0.00390625,232.400390625,"{""learning_rate"": 0.1, ""max_depth"": 4, ""n_estimators"": 150}",0.7631854411542148,0.52,0.475,8.151024926725,5510,1180,1180,0.2500907441016334,0.21864406779661016,0.2745762711864407,,
ch4_storage,precursor_descriptor,logistic_regression,scaffold,test,7,0.7593220338983051,0.5540540540540541,0.6327160493827161,0.590778097982709,0.7945511711088035,0.5859414975148254,2.5,2.259259259259259,7.198464260000037,0.007385555000041677,6.258944915289556e-06,2.859375,14.9013671875,"{""C"": 1.0}",0.77107190300829,0.5418894830659536,0.355,8.151024926725,5510,1180,1180,0.2500907441016334,0.21864406779661016,0.2745762711864407,,
ch4_storage,precursor_descriptor,random_forest,scaffold,test,7,0.7745762711864407,0.5847953216374269,0.6172839506172839,0.6006006006006006,0.82014033114111,0.6925146907444758,3.2098765432098766,2.2839506172839505,6.436141969999994,0.05735394499993163,4.860503813553528e-05,14.046875,19544.0087890625,"{""max_depth"": 16, ""min_samples_leaf"": 1, ""n_estimators"": 250}",0.7933944576165735,0.5790408525754884,0.325,8.151024926725,5510,1180,1180,0.2500907441016334,0.21864406779661016,0.2745762711864407,,
ch4_storage,precursor_descriptor,xgboost,scaffold,test,7,0.7677966101694915,0.5762195121951219,0.5833333333333334,0.5797546012269938,0.8349811064959041,0.6963638810749576,3.1481481481481484,2.234567901234568,3.245957798000063,0.03924221900001612,3.325611779662383e-05,0.00390625,649.6767578125,"{""learning_rate"": 0.05, ""max_depth"": 6, ""n_estimators"": 250}",0.7992609594914998,0.5607476635514018,0.325,8.151024926725,5510,1180,1180,0.2500907441016334,0.21864406779661016,0.2745762711864407,,
co2_capture,precursor_only,logistic_regression,scaffold,test,123,0.7288135593220338,0.5025125628140703,0.6211180124223602,0.5555555555555556,0.7545642763034067,0.5703062113885409,2.670807453416149,1.987577639751553,2.8898820059999935,0.006726051000100597,5.700043220424235e-06,27.57421875,14.0791015625,"{""C"": 0.1}",0.7600655320778438,0.5725490196078431,0.34,2.5744568125000002,5510,1180,1180,0.2500907441016334,0.27372881355932205,0.27288135593220336,,
co2_capture,precursor_only,random_forest,scaffold,test,123,0.738135593220339,0.5145413870246085,0.7142857142857143,0.5981794538361509,0.7776462667767017,0.5809449149224215,2.3913043478260874,2.198757763975155,6.253298795999967,0.05141124299996136,4.3568849999967256e-05,0.00390625,15772.0107421875,"{""max_depth"": 16, ""min_samples_leaf"": 1, ""n_estimators"": 250}",0.7760620062064008,0.5803698435277382,0.315,2.5744568125000002,5510,1180,1180,0.2500907441016334,0.27372881355932205,0.27288135593220336,,
co2_capture,precursor_only,xgboost,scaffold,test,123,0.7203389830508474,0.49065420560747663,0.6521739130434783,0.56,0.7639823944171771,0.5651343267536967,2.329192546583851,2.0745341614906834,2.480372655999986,0.03433651899990764,2.9098744915175965e-05,0.00390625,228.841796875,"{""learning_rate"": 0.1, ""max_depth"": 4, ""n_estimators"": 150}",0.7819179873632189,0.5947441217150761,0.33,2.5744568125000002,5510,1180,1180,0.2500907441016334,0.27372881355932205,0.27288135593220336,,
co2_capture,descriptor_only,logistic_regression,scaffold,test,123,0.6466101694915254,0.415929203539823,0.7298136645962733,0.5298759864712514,0.696408663799968,0.4457051312471674,2.018633540372671,1.5776397515527951,0.3879185270000107,0.0022215779999896768,1.8826932203302346e-06,0.00390625,1.9921875,"{""C"": 1.0}",0.7260188359566636,0.5231866825208086,0.22,2.5744568125000002,5510,1180,1180,0.2500907441016334,0.27372881355932205,0.27288135593220336,,
co2_capture,descriptor_only,random_forest,scaffold,test,123,0.6864406779661016,0.44713656387665196,0.6304347826086957,0.5231958762886598,0.7495783202304942,0.5847319401344199,2.639751552795031,1.987577639751553,7.577868995000017,0.03931094999995821,3.331436440674425e-05,0.00390625,5310.2705078125,"{""max_depth"": 10, ""min_samples_leaf"": 1, ""n_estimators"": 150}",0.7405251236403179,0.5466847090663058,0.28,2.5744568125000002,5510,1180,1180,0.2500907441016334,0.27372881355932205,0.27288135593220336,,
co2_capture,descriptor_only,xgboost,scaffold,test,123,0.6457627118644068,0.41459074733096085,0.7236024844720497,0.5271493212669683,0.7619409575931315,0.5941876666920155,2.7018633540372674,2.1366459627329197,1.0392834179999682,0.004234959999962484,3.58894915251058e-06,0.00390625,228.41015625,"{""learning_rate"": 0.1, ""max_depth"": 4, ""n_estimators"": 150}",0.7285422183366991,0.5359801488833746,0.25,2.5744568125000002,5510,1180,1180,0.2500907441016334,0.27372881355932205,0.27288135593220336,,
co2_capture,precursor_descriptor,logistic_regression,scaffold,test,123,0.7177966101694915,0.4881720430107527,0.7049689440993789,0.576874205844981,0.7685502902894208,0.5920925478571221,2.639751552795031,2.0621118012422364,5.527184360999968,0.0052069939999910275,4.412706779653413e-06,2.859375,14.9013671875,"{""C"": 0.1}",0.7644674525217567,0.5753739930955121,0.265,2.5744568125000002,5510,1180,1180,0.2500907441016334,0.27372881355932205,0.27288135593220336,,
co2_capture,precursor_descriptor,random_forest,scaffold,test,123,0.7389830508474576,0.5185185185185185,0.6086956521739131,0.56,0.7854971115840681,0.6032985528254003,2.670807453416149,2.099378881987578,7.9663214899999275,0.06361895500003811,5.3914368644100095e-05,14.046875,22718.294921875,"{""max_depth"": null, ""min_samples_leaf"": 2, ""n_estimators"": 250}",0.7798642394991528,0.5791139240506329,0.345,2.5744568125000002,5510,1180,1180,0.2500907441016334,0.27372881355932205,0.27288135593220336,,
co2_capture,precursor_descriptor,xgboost,scaffold,test,123,0.7033898305084746,0.4722222222222222,0.7391304347826086,0.576271186440678,0.7768988258118694,0.5562598379036274,2.515527950310559,2.0124223602484475,3.022513129999993,0.03787905600006525,3.210089491530953e-05,0.00390625,238.2431640625,"{""learning_rate"": 0.1, ""max_depth"": 3, ""n_estimators"": 200}",0.7769525055001427,0.5813953488372093,0.27,2.5744568125000002,5510,1180,1180,0.2500907441016334,0.27372881355932205,0.27288135593220336,,
ch4_storage,precursor_only,logistic_regression,scaffold,test,123,0.7796610169491526,0.5288753799392097,0.6236559139784946,0.5723684210526315,0.7918322532908476,0.512501086361691,2.437275985663083,2.3225806451612905,3.417411419000018,0.0050388949999842225,4.270249999986629e-06,31.203125,14.0791015625,"{""C"": 0.1}",0.7919254658385093,0.5574468085106383,0.36,8.2988530778,5510,1180,1180,0.2500907441016334,0.18135593220338983,0.2364406779661017,,
ch4_storage,precursor_only,random_forest,scaffold,test,123,0.7906779661016949,0.5588235294117647,0.5448028673835126,0.5517241379310345,0.7836334777368037,0.5498856310942608,2.7240143369175627,2.2508960573476706,6.085292508000066,0.0834255969999731,7.069965847455347e-05,0.00390625,17530.9384765625,"{""max_depth"": 16, ""min_samples_leaf"": 1, ""n_estimators"": 250}",0.8396436794953658,0.5747126436781609,0.355,8.2988530778,5510,1180,1180,0.2500907441016334,0.18135593220338983,0.2364406779661017,,
ch4_storage,precursor_only,xgboost,scaffold,test,123,0.8042372881355933,0.6081081081081081,0.4838709677419355,0.5389221556886228,0.8046376188941797,0.6022759353797902,3.1899641577060933,2.3082437275985663,2.8854210650000596,0.03446439600008944,2.9207115254313082e-05,0.00390625,229.240234375,"{""learning_rate"": 0.1, ""max_depth"": 4, ""n_estimators"": 150}",0.8256467560612217,0.5736434108527132,0.42,8.2988530778,5510,1180,1180,0.2500907441016334,0.18135593220338983,0.2364406779661017,,
ch4_storage,descriptor_only,logistic_regression,scaffold,test,123,0.8161016949152542,0.6270491803278688,0.5483870967741935,0.5850860420650096,0.7938769746080621,0.5924851523790051,2.8315412186379927,2.4086021505376345,0.4296869769999603,0.0013374300000350559,1.1334152542669965e-06,0.00390625,1.9921875,"{""C"": 10.0}",0.732287978173797,0.4813895781637717,0.395,8.2988530778,5510,1180,1180,0.2500907441016334,0.18135593220338983,0.2364406779661017,,
ch4_storage,descriptor_only,random_forest,scaffold,test,123,0.7669491525423728,0.5060240963855421,0.6021505376344086,0.5499181669394435,0.8137632817379334,0.6114821323368155,2.903225806451613,2.2795698924731185,5.524005873999954,0.04831046999993305,4.0941076271129705e-05,0.00390625,19843.681640625,"{""max_depth"": null, ""min_samples_leaf"": 2, ""n_estimators"": 250}",0.8082298136645963,0.5551181102362205,0.315,8.2988530778,5510,1180,1180,0.2500907441016334,0.18135593220338983,0.2364406779661017,,
ch4_storage,descriptor_only,xgboost,scaffold,test,123,0.7915254237288135,0.5702127659574469,0.48028673835125446,0.5214007782101168,0.805922531317254,0.5956677449329524,3.046594982078853,2.207885304659498,1.1080773749999935,0.004239536999989468,3.5928279660927697e-06,0.00390625,235.9833984375,"{""learning_rate"": 0.1, ""max_depth"": 4, ""n_estimators"": 150}",0.8280315783363326,0.5657894736842105,0.375,8.2988530778,5510,1180,1180,0.2500907441016334,0.18135593220338983,0.2364406779661017,,
ch4_storage,precursor_descriptor,logistic_regression,scaffold,test,123,0.7889830508474577,0.5568181818181818,0.5268817204301075,0.5414364640883977,0.8005939239156811,0.5345535909491841,2.759856630824373,2.3225806451612905,7.539841433999982,0.0048938500000303975,4.147330508500337e-06,2.86328125,14.9013671875,"{""C"": 10.0}",0.7998297246570307,0.5927601809954751,0.42,8.2988530778,5510,1180,1180,0.2500907441016334,0.18135593220338983,0.2364406779661017,,
ch4_storage,precursor_descriptor,random_forest,scaffold,test,123,0.8245762711864407,0.6592920353982301,0.5340501792114696,0.5900990099009901,0.8266064388831207,0.6827093743416193,3.5842293906810037,2.3799283154121866,5.960909890000039,0.055399796000074275,4.694897966107989e-05,14.046875,19880.4150390625,"{""max_depth"": 16, ""min_samples_leaf"": 1, ""n_estimators"": 250}",0.8318627735531434,0.5735294117647058,0.365,8.2988530778,5510,1180,1180,0.2500907441016334,0.18135593220338983,0.2364406779661017,,
ch4_storage,precursor_descriptor,xgboost,scaffold,test,123,0.8228813559322034,0.6620370370370371,0.5125448028673835,0.5777777777777777,0.8259142569586163,0.6530630466048641,3.4050179211469533,2.3512544802867383,4.813276074999976,0.08708233999993809,7.379859322028652e-05,0.00390625,239.525390625,"{""learning_rate"": 0.1, ""max_depth"": 4, ""n_estimators"": 150}",0.8618060796037228,0.6292682926829268,0.4,8.2988530778,5510,1180,1180,0.2500907441016334,0.18135593220338983,0.2364406779661017,,
co2_capture,shap_selected,logistic_regression,scaffold,test,42,0.5483050847457627,0.36153846153846153,0.889589905362776,0.5141294439380127,0.7372693012051716,0.4899768968669107,2.365930599369085,1.7791798107255523,0.37705885200000466,0.001714268999990054,1.452770338974622e-06,0.00390625,1.87109375,"{""C"": 0.1}",0.7448989585162572,0.575212866603595,0.185,2.546270269,5510,1180,1180,0.2500907441016334,0.30677966101694915,0.26864406779661015,,
co2_capture,shap_selected,random_forest,scaffold,test,42,0.6262711864406779,0.40606060606060607,0.8454258675078864,0.548618219037871,0.770079796469655,0.5922033542796046,2.6182965299684544,1.854889589905363,4.436691492999898,0.025461446000008436,2.157749661017664e-05,0.00390625,6008.345703125,"{""max_depth"": 10, ""min_samples_leaf"": 1, ""n_estimators"": 150}",0.7683171459833309,0.5852090032154341,0.24,2.546270269,5510,1180,1180,0.2500907441016334,0.30677966101694915,0.26864406779661015,,
co2_capture,shap_selected,xgboost,scaffold,test,42,0.6983050847457627,0.4591194968553459,0.6908517350157729,0.5516372795969773,0.7826725054921757,0.5613854146120694,2.6813880126182967,1.9558359621451107,0.892569414000036,0.004564447000007021,3.868175423734764e-06,0.00390625,227.0390625,"{""learning_rate"": 0.1, ""max_depth"": 3, ""n_estimators"": 200}",0.7591231139148171,0.5734265734265734,0.345,2.546270269,5510,1180,1180,0.2500907441016334,0.30677966101694915,0.26864406779661015,,
ch4_storage,shap_selected,logistic_regression,scaffold,test,42,0.7915254237288135,0.670995670995671,0.47692307692307695,0.5575539568345323,0.7700260908681962,0.5990560740116735,2.676923076923077,2.190769230769231,0.38922102600008657,0.0017307990000290374,1.46677881358393e-06,0.00390625,1.896484375,"{""C"": 10.0}",0.7583469387755102,0.5574712643678161,0.42,8.241883439925001,5510,1180,1180,0.2500907441016334,0.1694915254237288,0.2754237288135593,,
ch4_storage,shap_selected,random_forest,scaffold,test,42,0.7932203389830509,0.69377990430622,0.4461538461538462,0.5430711610486891,0.8129734592892487,0.6524876420779877,2.8923076923076922,2.203076923076923,5.654714840999986,0.03569934799998009,3.025368474574584e-05,0.00390625,6022.27734375,"{""max_depth"": 10, ""min_samples_leaf"": 1, ""n_estimators"": 150}",0.8099566326530612,0.5843828715365239,0.36,8.241883439925001,5510,1180,1180,0.2500907441016334,0.1694915254237288,0.2754237288135593,,
ch4_storage,shap_selected,xgboost,scaffold,test,42,0.8008474576271186,0.6339285714285714,0.6553846153846153,0.6444780635400907,0.8227512370670265,0.6626419484123574,2.830769230769231,2.3384615384615386,1.4524590160000344,0.007406168999978036,6.276414406761047e-06,0.00390625,658.7294921875,"{""learning_rate"": 0.05, ""max_depth"": 6, ""n_estimators"": 250}",0.8125459183673469,0.5535714285714286,0.3,8.241883439925001,5510,1180,1180,0.2500907441016334,0.1694915254237288,0.2754237288135593,,
co2_capture,shap_selected,logistic_regression,scaffold,test,7,0.5694915254237288,0.3546099290780142,0.8250825082508251,0.49603174603174605,0.7261459897415055,0.4463298213973321,2.2442244224422443,1.7293729372937294,0.3605588649999163,0.0016814530000601735,1.4249601695425199e-06,0.00390625,1.8671875,"{""C"": 0.1}",0.7653377882138757,0.5671342685370742,0.205,2.567051158,5510,1180,1180,0.2500907441016334,0.2957627118644068,0.25677966101694916,,
co2_capture,shap_selected,random_forest,scaffold,test,7,0.6601694915254237,0.41155234657039713,0.7524752475247525,0.5320886814469078,0.7647865698770561,0.5367225511015408,2.442244224422442,1.9537953795379537,4.60890210499997,0.024892493999914223,2.109533389823239e-05,0.00390625,5647.248046875,"{""max_depth"": 10, ""min_samples_leaf"": 1, ""n_estimators"": 150}",0.7867639706364066,0.5924932975871313,0.285,2.567051158,5510,1180,1180,0.2500907441016334,0.2957627118644068,0.25677966101694916,,
co2_capture,shap_selected,xgboost,scaffold,test,7,0.6601694915254237,0.403921568627451,0.6798679867986799,0.5067650676506765,0.7677632643538015,0.5431172945430773,2.838283828382838,1.9273927392739274,0.9505720289999999,0.004479665999951976,3.7963271186033694e-06,0.00390625,230.4892578125,"{""learning_rate"": 0.1, ""max_depth"": 3, ""n_estimators"": 200}",0.7888086642599278,0.625,0.315,2.567051158,5510,1180,1180,0.2500907441016334,0.2957627118644068,0.25677966101694916,,
ch4_storage,shap_selected,logistic_regression,scaffold,test,7,0.785593220338983,0.6591928251121076,0.4537037037037037,0.5374771480804388,0.7814086477443175,0.6231555063622536,2.7160493827160495,2.259259259259259,0.40532198299990796,0.0015454209999461455,1.3096788135136825e-06,0.00390625,1.8759765625,"{""C"": 10.0}",0.7392633136592175,0.5308924485125858,0.47,8.151024926725,5510,1180,1180,0.2500907441016334,0.21864406779661016,0.2745762711864407,,
ch4_storage,shap_selected,random_forest,scaffold,test,7,0.7745762711864407,0.602112676056338,0.5277777777777778,0.5625,0.8040339794623285,0.6622824780337058,3.0864197530864197,2.1481481481481484,5.555050864999998,0.06166966900002535,5.2262431355953684e-05,0.00390625,19746.7529296875,"{""max_depth"": null, ""min_samples_leaf"": 2, ""n_estimators"": 250}",0.7684360759387245,0.536779324055666,0.37,8.151024926725,5510,1180,1180,0.2500907441016334,0.21864406779661016,0.2745762711864407,,
ch4_storage,shap_selected,xgboost,scaffold,test,7,0.7966101694915254,0.6615384615384615,0.5308641975308642,0.589041095890411,0.8164860245759779,0.6803611180406149,3.1790123456790123,2.3333333333333335,1.124601251999934,0.004153368999936902,3.5198042372346626e-06,0.00390625,230.90234375,"{""learning_rate"": 0.1, ""max_depth"": 3, ""n_estimators"": 200}",0.7791538448603473,0.5446985446985447,0.4,8.151024926725,5510,1180,1180,0.2500907441016334,0.21864406779661016,0.2745762711864407,,
co2_capture,shap_selected,logistic_regression,scaffold,test,123,0.5330508474576271,0.3574097135740971,0.8913043478260869,0.5102222222222222,0.7285830111917069,0.49028867064417747,2.018633540372671,1.7142857142857144,0.373082672999999,0.0014722779999374325,1.2476932202859597e-06,0.00390625,1.8603515625,"{""C"": 10.0}",0.7576722023329997,0.5440158259149357,0.185,2.5744568125000002,5510,1180,1180,0.2500907441016334,0.27372881355932205,0.27288135593220336,,
co2_capture,shap_selected,random_forest,scaffold,test,123,0.65,0.40461215932914046,0.5993788819875776,0.4831038798498123,0.7402597402597403,0.5563691849683177,2.639751552795031,1.9627329192546585,4.370842576999962,0.02514068999994379,2.1305669491477786e-05,0.00390625,5825.8349609375,"{""max_depth"": 10, ""min_samples_leaf"": 1, ""n_estimators"": 150}",0.7689506558626644,0.5672082717872969,0.32,2.5744568125000002,5510,1180,1180,0.2500907441016334,0.27372881355932205,0.27288135593220336,,
co2_capture,shap_selected,xgboost,scaffold,test,123,0.6237288135593221,0.39730639730639733,0.7329192546583851,0.5152838427947598,0.7457090011437838,0.5503895217798643,2.639751552795031,1.8757763975155282,0.9090453420000131,0.004554331999997885,3.859603389828716e-06,0.00390625,228.4658203125,"{""learning_rate"": 0.1, ""max_depth"": 3, ""n_estimators"": 200}",0.7560935078447028,0.5694249649368864,0.29,2.5744568125000002,5510,1180,1180,0.2500907441016334,0.27372881355932205,0.27288135593220336,,
ch4_storage,shap_selected,logistic_regression,scaffold,test,123,0.8067796610169492,0.6335078534031413,0.4336917562724014,0.5148936170212766,0.8025073693506617,0.6106855844517807,3.1899641577060933,2.336917562724014,0.39396315700003015,0.0015644860000065819,1.325835593225917e-06,0.00390625,1.87109375,"{""C"": 10.0}",0.7572197712892552,0.5384615384615384,0.465,8.2988530778,5510,1180,1180,0.2500907441016334,0.18135593220338983,0.2364406779661017,,
ch4_storage,shap_selected,random_forest,scaffold,test,123,0.7720338983050847,0.5165562913907285,0.5591397849462365,0.5370051635111877,0.7989171728744247,0.6200757652737438,3.225806451612903,2.207885304659498,5.417801259999919,0.06674774399994021,5.656588474571204e-05,0.00390625,24583.0869140625,"{""max_depth"": 16, ""min_samples_leaf"": 1, ""n_estimators"": 250}",0.8300148990925099,0.6060606060606061,0.355,8.2988530778,5510,1180,1180,0.2500907441016334,0.18135593220338983,0.2364406779661017,,
ch4_storage,shap_selected,xgboost,scaffold,test,123,0.7830508474576271,0.5440613026819924,0.5089605734767025,0.5259259259259259,0.8021473551887788,0.6300758732208682,3.440860215053764,2.2365591397849465,1.1181535500001019,0.007385276999912094,6.258709321959401e-06,0.00390625,717.0517578125,"{""learning_rate"": 0.05, ""max_depth"": 6, ""n_estimators"": 250}",0.8485589481627678,0.5899280575539568,0.395,8.2988530778,5510,1180,1180,0.2500907441016334,0.18135593220338983,0.2364406779661017,,
co2_capture,baseline,class_prior,scaffold,test,42,,,,0.42351369405477624,0.5,0.26864406779661015,,,,,,,,{},0.5,,0.05,2.546270269,5510,1180,1180,0.2500907441016334,0.30677966101694915,0.26864406779661015,,
co2_capture,baseline,linker_tanimoto_knn,scaffold,test,42,,,,0.492,0.7048042372912334,0.4802115331144353,,,,,,,,{},0.623267570816842,,0.175,2.546270269,5510,1180,1180,0.2500907441016334,0.30677966101694915,0.26864406779661015,11.0,0.0
co2_capture,baseline,metal_aware_precursor_knn,scaffold,test,42,,,,0.5797101449275363,0.7832354306560271,0.5650974109352067,,,,,,,,{},0.726980305015602,,0.19,2.546270269,5510,1180,1180,0.2500907441016334,0.30677966101694915,0.26864406779661015,11.0,1.0
ch4_storage,baseline,class_prior,scaffold,test,42,,,,0.4318936877076412,0.5,0.2754237288135593,,,,,,,,{},0.5,,0.05,8.241883439925001,5510,1180,1180,0.2500907441016334,0.1694915254237288,0.2754237288135593,,
ch4_storage,baseline,linker_tanimoto_knn,scaffold,test,42,,,,0.5718270571827058,0.7527737291947818,0.5383957612445286,,,,,,,,{},0.7951377551020408,,0.395,8.241883439925001,5510,1180,1180,0.2500907441016334,0.1694915254237288,0.2754237288135593,11.0,0.0
ch4_storage,baseline,metal_aware_precursor_knn,scaffold,test,42,,,,0.5718270571827058,0.7527737291947818,0.5383957612445286,,,,,,,,{},0.7951377551020408,,0.395,8.241883439925001,5510,1180,1180,0.2500907441016334,0.1694915254237288,0.2754237288135593,11.0,0.0
co2_capture,baseline,class_prior,scaffold,test,7,,,,0.4086311530681052,0.5,0.25677966101694916,,,,,,,,{},0.5,,0.05,2.567051158,5510,1180,1180,0.2500907441016334,0.2957627118644068,0.25677966101694916,,
co2_capture,baseline,linker_tanimoto_knn,scaffold,test,7,,,,0.4158878504672897,0.6269554549525648,0.3689576938916525,,,,,,,,{},0.6332688547991684,,0.085,2.567051158,5510,1180,1180,0.2500907441016334,0.2957627118644068,0.25677966101694916,11.0,0.0
co2_capture,baseline,metal_aware_precursor_knn,scaffold,test,7,,,,0.5200517464424321,0.7604137266634303,0.5333700136657118,,,,,,,,{},0.7617621604101801,,0.345,2.567051158,5510,1180,1180,0.2500907441016334,0.2957627118644068,0.25677966101694916,11.0,0.5
ch4_storage,baseline,class_prior,scaffold,test,7,,,,0.4308510638297872,0.5,0.2745762711864407,,,,,,,,{},0.5,,0.05,8.151024926725,5510,1180,1180,0.2500907441016334,0.21864406779661016,0.2745762711864407,,
ch4_storage,baseline,linker_tanimoto_knn,scaffold,test,7,,,,0.5435294117647059,0.7528304199838467,0.5227636383599641,,,,,,,,{},0.7310237266474969,,0.26,8.151024926725,5510,1180,1180,0.2500907441016334,0.21864406779661016,0.2745762711864407,11.0,0.0
ch4_storage,baseline,metal_aware_precursor_knn,scaffold,test,7,,,,0.5575757575757576,0.7791875793238721,0.588338971064135,,,,,,,,{},0.7454388000470834,,0.425,8.151024926725,5510,1180,1180,0.2500907441016334,0.21864406779661016,0.2745762711864407,7.0,0.5
co2_capture,baseline,class_prior,scaffold,test,123,,,,0.42876165113182424,0.5,0.27288135593220336,,,,,,,,{},0.5,,0.05,2.5744568125000002,5510,1180,1180,0.2500907441016334,0.27372881355932205,0.27288135593220336,,
co2_capture,baseline,linker_tanimoto_knn,scaffold,test,123,,,,0.46936416184971097,0.6316473381690773,0.38039365546943127,,,,,,,,{},0.6537186022231775,,0.245,2.5744568125000002,5510,1180,1180,0.2500907441016334,0.27372881355932205,0.27288135593220336,11.0,0.0
co2_capture,baseline,metal_aware_precursor_knn,scaffold,test,123,,,,0.5480984340044742,0.7530639650204867,0.5582139559954179,,,,,,,,{},0.7437367012149083,,0.27,2.5744568125000002,5510,1180,1180,0.2500907441016334,0.27372881355932205,0.27288135593220336,11.0,0.25
ch4_storage,baseline,class_prior,scaffold,test,123,,,,0.3824537354352296,0.5,0.2364406779661017,,,,,,,,{},0.5,,0.05,8.2988530778,5510,1180,1180,0.2500907441016334,0.18135593220338983,0.2364406779661017,,
ch4_storage,baseline,linker_tanimoto_knn,scaffold,test,123,,,,0.4428822495606327,0.704830156854789,0.425248453807498,,,,,,,,{},0.7272909773417697,,0.47,8.2988530778,5510,1180,1180,0.2500907441016334,0.18135593220338983,0.2364406779661017,11.0,0.0
ch4_storage,baseline,metal_aware_precursor_knn,scaffold,test,123,,,,0.5,0.7498259600046144,0.556751837641698,,,,,,,,{},0.7703774114277975,,0.285,8.2988530778,5510,1180,1180,0.2500907441016334,0.18135593220338983,0.2364406779661017,11.0,1.0
co2_capture,precursor_only,logistic_regression,random_group_aware,test,42,0.7711864406779662,0.44285714285714284,0.6739130434782609,0.5344827586206896,0.8036430205949656,0.5212288737454387,3.08695652173913,2.5217391304347827,2.4307513520000157,0.004908720999992511,4.1599330508411105e-06,53.51953125,14.0791015625,"{""C"": 0.1}",0.7473533353954016,0.5241809672386896,0.295,2.68603160475,5510,1180,1180,0.2500907441016334,0.2245762711864407,0.19491525423728814,,
co2_capture,precursor_only,random_forest,random_group_aware,test,42,0.8338983050847457,0.580952380952381,0.5304347826086957,0.5545454545454546,0.8407780320366133,0.6172282264625029,3.913043478260869,2.6086956521739126,5.508341643999984,0.09326432900002146,7.903756694917073e-05,0.00390625,21786.44140625,"{""max_depth"": null, ""min_samples_leaf"": 2, ""n_estimators"": 250}",0.8011361996082069,0.5725338491295938,0.395,2.68603160475,5510,1180,1180,0.2500907441016334,0.2245762711864407,0.19491525423728814,,
co2_capture,precursor_only,xgboost,random_group_aware,test,42,0.8313559322033899,0.5676855895196506,0.5652173913043478,0.5664488017429193,0.8295286041189932,0.6157861148869644,3.5217391304347823,2.5391304347826087,3.9511090400000057,0.04053481999994801,3.43515423728373e-05,0.00390625,584.869140625,"{""learning_rate"": 0.05, ""max_depth"": 6, ""n_estimators"": 250}",0.7844788122486855,0.5433962264150943,0.385,2.68603160475,5510,1180,1180,0.2500907441016334,0.2245762711864407,0.19491525423728814,,
co2_capture,descriptor_only,logistic_regression,random_group_aware,test,42,0.7805084745762711,0.44176706827309237,0.4782608695652174,0.4592901878914405,0.7208604118993135,0.3874255785100096,2.260869565217391,2.1565217391304348,0.4076416469999913,0.0014842430000499007,1.2578330508897464e-06,0.00390625,1.9921875,"{""C"": 10.0}",0.6634972677595629,0.46037735849056605,0.315,2.68603160475,5510,1180,1180,0.2500907441016334,0.2245762711864407,0.19491525423728814,,
co2_capture,descriptor_only,random_forest,random_group_aware,test,42,0.8355932203389831,0.601123595505618,0.4652173913043478,0.5245098039215687,0.8157345537757437,0.5641632163260575,3.652173913043478,2.5043478260869567,6.262141614000029,0.05232877599996755,4.434642033895555e-05,0.00390625,24892.6767578125,"{""max_depth"": 16, ""min_samples_leaf"": 1, ""n_estimators"": 250}",0.784647901845551,0.5432098765432098,0.45,2.68603160475,5510,1180,1180,0.2500907441016334,0.2245762711864407,0.19491525423728814,,
co2_capture,descriptor_only,xgboost,random_group_aware,test,42,0.8322033898305085,0.5776699029126213,0.5173913043478261,0.5458715596330275,0.8264691075514874,0.5755921367383314,3.608695652173913,2.591304347826087,1.0395485380000764,0.0067551339999454285,5.724689830462228e-06,0.00390625,684.830078125,"{""learning_rate"": 0.05, ""max_depth"": 6, ""n_estimators"": 250}",0.7790081451696051,0.5653021442495126,0.375,2.68603160475,5510,1180,1180,0.2500907441016334,0.2245762711864407,0.19491525423728814,,
co2_capture,precursor_descriptor,logistic_regression,random_group_aware,test,42,0.8025423728813559,0.49517684887459806,0.6695652173913044,0.5693160813308688,0.8129839816933639,0.5333175228049871,3.1739130434782608,2.5739130434782607,5.921030138000106,0.0050749569999197774,4.300811016881167e-06,2.86328125,14.9013671875,"{""C"": 10.0}",0.7548200845447983,0.526148969889065,0.32,2.68603160475,5510,1180,1180,0.2500907441016334,0.2245762711864407,0.19491525423728814,,
co2_capture,precursor_descriptor,random_forest,random_group_aware,test,42,0.8161016949152542,0.5223367697594502,0.6608695652173913,0.5834932821497121,0.8407139588100686,0.63141138358671,3.913043478260869,2.6608695652173915,6.399699661,0.05966761400009091,5.0565774576348226e-05,21.12890625,19905.7275390625,"{""max_depth"": 16, ""min_samples_leaf"": 1, ""n_estimators"": 250}",0.811126920301062,0.5973154362416108,0.32,2.68603160475,5510,1180,1180,0.2500907441016334,0.2245762711864407,0.19491525423728814,,
co2_capture,precursor_descriptor,xgboost,random_group_aware,test,42,0.8254237288135593,0.548,0.5956521739130435,0.5708333333333333,0.8291716247139589,0.6066232698170761,3.782608695652174,2.5739130434782607,3.402574587999993,0.07211732899997969,6.111638050845736e-05,0.0078125,611.556640625,"{""learning_rate"": 0.05, ""max_depth"": 6, ""n_estimators"": 250}",0.7961748633879782,0.5746268656716418,0.365,2.68603160475,5510,1180,1180,0.2500907441016334,0.2245762711864407,0.19491525423728814,,
ch4_storage,precursor_only,logistic_regression,random_group_aware,test,42,0.7906779661016949,0.5251256281407035,0.7827715355805244,0.6285714285714286,0.8288926902707869,0.5855271746072422,3.108614232209738,2.3970037453183517,3.496273892999966,0.007567939000068691,6.413507627176857e-06,32.38671875,14.0791015625,"{""C"": 0.1}",0.812316384180791,0.6264044943820225,0.285,8.1806480536,5510,1180,1180,0.2500907441016334,0.25,0.22627118644067798,,
ch4_storage,precursor_only,random_forest,random_group_aware,test,42,0.809322033898305,0.5644171779141104,0.6891385767790262,0.6205733558178752,0.8500313819117122,0.6436977828469514,3.258426966292135,2.5767790262172285,5.137648376000016,0.07393365400002949,6.265563898307584e-05,0.00390625,20051.59765625,"{""max_depth"": null, ""min_samples_leaf"": 2, ""n_estimators"": 250}",0.8669673465479268,0.6893353941267388,0.33,8.1806480536,5510,1180,1180,0.2500907441016334,0.25,0.22627118644067798,,
ch4_storage,precursor_only,xgboost,random_group_aware,test,42,0.8177966101694916,0.6181818181818182,0.5093632958801498,0.5585215605749486,0.8410721537836741,0.6371284398296273,3.183520599250936,2.6666666666666665,2.575519045999954,0.04250821499999802,3.602391101694747e-05,0.00390625,610.240234375,"{""learning_rate"": 0.05, ""max_depth"": 6, ""n_estimators"": 250}",0.8841635545341378,0.6963979416809606,0.405,8.1806480536,5510,1180,1180,0.2500907441016334,0.25,0.22627118644067798,,
ch4_storage,descriptor_only,logistic_regression,random_group_aware,test,42,0.7559322033898305,0.4709141274238227,0.6367041198501873,0.5414012738853503,0.7598442800825366,0.4933697354998564,2.584269662921348,2.2172284644194753,0.42260681200002637,0.001521420000017315,1.2893389830655211e-06,0.00390625,1.9921875,"{""C"": 1.0}",0.7855482141147181,0.5979073243647235,0.29,8.1806480536,5510,1180,1180,0.2500907441016334,0.25,0.22627118644067798,,
ch4_storage,descriptor_only,random_forest,random_group_aware,test,42,0.811864406779661,0.5718849840255591,0.6704119850187266,0.6172413793103448,0.8501298349680644,0.6511606252734036,3.333333333333333,2.6666666666666665,7.368756834999999,0.05564241399997627,4.715458813557311e-05,0.00390625,23577.0517578125,"{""max_depth"": 16, ""min_samples_leaf"": 1, ""n_estimators"": 250}",0.8532375754093651,0.6809917355371901,0.355,8.1806480536,5510,1180,1180,0.2500907441016334,0.25,0.22627118644067798,,
ch4_storage,descriptor_only,xgboost,random_group_aware,test,42,0.7966101694915254,0.541033434650456,0.6666666666666666,0.5973154362416108,0.8452112843611422,0.6587034190908562,3.445692883895131,2.48689138576779,1.0656618369999933,0.007217949999926532,6.116906779598756e-06,0.00390625,683.509765625,"{""learning_rate"": 0.05, ""max_depth"": 6, ""n_estimators"": 250}",0.850113951929522,0.6589403973509934,0.325,8.1806480536,5510,1180,1180,0.2500907441016334,0.25,0.22627118644067798,,
ch4_storage,precursor_descriptor,logistic_regression,random_group_aware,test,42,0.8033898305084746,0.552870090634441,0.6853932584269663,0.6120401337792643,0.8283511984608506,0.611445647183235,3.108614232209738,2.531835205992509,5.661979018000011,0.0050188810000690864,4.253288983109395e-06,2.86328125,14.9013671875,"{""C"": 0.1}",0.8170449104663411,0.622154779969651,0.345,8.1806480536,5510,1180,1180,0.2500907441016334,0.25,0.22627118644067798,,
ch4_storage,precursor_descriptor,random_forest,random_group_aware,test,42,0.8364406779661017,0.6267123287671232,0.6853932584269663,0.6547406082289803,0.8747677123201694,0.7069159011630854,3.8202247191011236,2.756554307116105,7.7805674229999795,0.06015216299999793,5.097640932203214e-05,21.12890625,20821.0400390625,"{""max_depth"": 16, ""min_samples_leaf"": 1, ""n_estimators"": 250}",0.8965699511634588,0.7056910569105691,0.34,8.1806480536,5510,1180,1180,0.2500907441016334,0.25,0.22627118644067798,,
ch4_storage,precursor_descriptor,xgboost,random_group_aware,test,42,0.847457627118644,0.6986301369863014,0.5730337078651685,0.6296296296296297,0.8775777266368846,0.718103640041568,3.745318352059925,2.7715355805243442,3.217711926999982,0.056015851999973165,4.747106101692641e-05,0.00390625,674.193359375,"{""learning_rate"": 0.05, ""max_depth"": 6, ""n_estimators"": 250}",0.8808848032174663,0.6996336996336996,0.435,8.1806480536,5510,1180,1180,0.2500907441016334,0.25,0.22627118644067798,,
co2_capture,precursor_only,logistic_regression,metal_element_holdout,test,42,0.5689505637467476,0.15738963531669867,0.5857142857142857,0.2481089258698941,0.6178659568467071,0.17336620090760468,1.9965367965367966,1.541520178261946,2.272809407000068,0.006846715999927255,2.9690875975400067e-06,20.40234375,14.0791015625,"{""C"": 0.1}",0.7162092694496045,0.47844228094575797,0.25,2.86829436075,4360,1204,2306,0.25,0.23006644518272426,0.12142237640936687,,
co2_capture,precursor_only,logistic_regression,metal_element_holdout,test_partial_unseen,42,0.6319612590799032,0.16993464052287582,0.5098039215686274,0.2549019607843137,0.6656916910410573,0.25135751073248674,2.5065359477124183,1.557315233785822,2.276976631000025,0.00334927799997331,8.109631961194456e-06,0.00390625,14.0791015625,"{""C"": 0.1}",0.7162092694496045,0.47844228094575797,0.25,2.86829436075,4360,1204,413,0.25,0.23006644518272426,0.1234866828087167,,
co2_capture,precursor_only,logistic_regression,metal_element_holdout,test_fully_unseen,42,0.5552033808769149,0.15523059617547807,0.6026200873362445,0.24686940966010734,0.6077348211286531,0.1660758407619129,1.8273040680303378,1.4998065336355095,2.88399519699999,0.008744436999904792,4.619353935501739e-06,0.00390625,14.0791015625,"{""C"": 0.1}",0.7162092694496045,0.47844228094575797,0.25,2.86829436075,4360,1204,1893,0.25,0.23006644518272426,0.12097200211304807,,
co2_capture,precursor_only,random_forest,metal_element_holdout,test,42,0.7415437987857763,0.2492063492063492,0.5607142857142857,0.34505494505494505,0.7553835848258357,0.4022763172195441,3.5295918367346935,2.126726912602129,4.895495304000065,0.07119485700002315,3.0873745446670924e-05,0.00390625,13591.98046875,"{""max_depth"": 16, ""min_samples_leaf"": 1, ""n_estimators"": 250}",0.7294346500297921,0.5071315372424723,0.305,2.86829436075,4360,1204,2306,0.25,0.23006644518272426,0.12142237640936687,,
co2_capture,precursor_only,random_forest,metal_element_holdout,test_partial_unseen,42,0.8256658595641646,0.36,0.5294117647058824,0.42857142857142855,0.793955151121222,0.3690215025078441,3.2777777777777777,2.569570135746606,4.356013807999943,0.028156718999980512,6.81760750604855e-05,0.00390625,13591.98046875,"{""max_depth"": 16, ""min_samples_leaf"": 1, ""n_estimators"": 250}",0.7294346500297921,0.5071315372424723,0.305,2.86829436075,4360,1204,413,0.25,0.23006644518272426,0.1234866828087167,,
co2_capture,precursor_only,random_forest,metal_element_holdout,test_fully_unseen,42,0.7231907025884838,0.23423423423423423,0.5676855895196506,0.33163265306122447,0.7474780609674169,0.415627014528392,3.56759365663066,2.0927533027472225,5.760204838999925,0.08662617899994984,4.5761320126756386e-05,0.00390625,13591.98046875,"{""max_depth"": 16, ""min_samples_leaf"": 1, ""n_estimators"": 250}",0.7294346500297921,0.5071315372424723,0.305,2.86829436075,4360,1204,1893,0.25,0.23006644518272426,0.12097200211304807,,
co2_capture,precursor_only,xgboost,metal_element_holdout,test,42,0.6691240242844753,0.204406364749082,0.5964285714285714,0.30446672743846853,0.7073041531518827,0.28188135995532254,2.852195423623995,1.8983535528596187,2.365311341999927,0.04522788899998886,1.9613134865563253e-05,0.00390625,566.794921875,"{""learning_rate"": 0.05, ""max_depth"": 6, ""n_estimators"": 250}",0.7353852924109837,0.5121951219512195,0.275,2.86829436075,4360,1204,2306,0.25,0.23006644518272426,0.12142237640936687,,
co2_capture,precursor_only,xgboost,metal_element_holdout,test_partial_unseen,42,0.7602905569007264,0.2647058823529412,0.5294117647058824,0.35294117647058826,0.7767847470479905,0.3178730131385342,2.699346405228758,2.10237556561086,2.2077024300000403,0.03444878100003734,8.341109200977564e-05,0.00390625,566.794921875,"{""learning_rate"": 0.05, ""max_depth"": 6, ""n_estimators"": 250}",0.7353852924109837,0.5121951219512195,0.275,2.86829436075,4360,1204,413,0.25,0.23006644518272426,0.1234866828087167,,
co2_capture,precursor_only,xgboost,metal_element_holdout,test_fully_unseen,42,0.6492340200739567,0.1958041958041958,0.611353711790393,0.2966101694915254,0.6931107238831038,0.2985290076408725,2.871477821190531,1.8834779724725002,2.145451954000009,0.0423362440000119,2.2364629688331698e-05,0.00390625,566.794921875,"{""learning_rate"": 0.05, ""max_depth"": 6, ""n_estimators"": 250}",0.7353852924109837,0.5121951219512195,0.275,2.86829436075,4360,1204,1893,0.25,0.23006644518272426,0.12097200211304807,,
co2_capture,descriptor_only,logistic_regression,metal_element_holdout,test,42,0.5472679965307893,0.19634340222575516,0.8821428571428571,0.3211963589076723,0.8244544140459737,0.3898475333480102,4.064378478664193,2.95458034166873,0.36954741800002466,0.0014582649999965724,6.323785776221043e-07,0.00390625,1.9921875,"{""C"": 10.0}",0.6393532960249865,0.42298850574712643,0.21,2.86829436075,4360,1204,2306,0.25,0.23006644518272426,0.12142237640936687,,
co2_capture,descriptor_only,logistic_regression,metal_element_holdout,test_partial_unseen,42,0.34382566585956414,0.1540880503144654,0.9607843137254902,0.26558265582655827,0.6792601018307876,0.2034941084939208,1.9281045751633987,1.9466440422322777,0.37522047799996017,0.0014762490000066464,3.574452784519725e-06,0.00390625,1.9921875,"{""C"": 10.0}",0.6393532960249865,0.42298850574712643,0.21,2.86829436075,4360,1204,413,0.25,0.23006644518272426,0.1234866828087167,,
co2_capture,descriptor_only,logistic_regression,metal_element_holdout,test_fully_unseen,42,0.5916534601162177,0.21063829787234042,0.8646288209606987,0.33875106928999144,0.8441593886462881,0.4649001598484983,4.872810848080901,3.2437676192581946,0.3781864329999962,0.0015006480000465672,7.927353407536012e-07,0.00390625,1.9921875,"{""C"": 10.0}",0.6393532960249865,0.42298850574712643,0.21,2.86829436075,4360,1204,1893,0.25,0.23006644518272426,0.12097200211304807,,
co2_capture,descriptor_only,random_forest,metal_element_holdout,test,42,0.6986123156981786,0.25787631271878647,0.7892857142857143,0.3887423043095866,0.8373801297419264,0.6137907584538468,5.27656153370439,2.8689403317652884,6.494883463000065,0.07305158700000902,3.1678918907202524e-05,0.00390625,21186.7392578125,"{""max_depth"": 16, ""min_samples_leaf"": 1, ""n_estimators"": 250}",0.7142464921196827,0.4807692307692308,0.27,2.86829436075,4360,1204,2306,0.25,0.23006644518272426,0.12142237640936687,,
co2_capture,descriptor_only,random_forest,metal_element_holdout,test_partial_unseen,42,0.6537530266343826,0.23563218390804597,0.803921568627451,0.36444444444444446,0.7839616509587259,0.3040458530594593,2.892156862745098,2.258107088989442,4.994263044000036,0.028728311000008944,6.956007506055435e-05,0.00390625,21186.7392578125,"{""max_depth"": 16, ""min_samples_leaf"": 1, ""n_estimators"": 250}",0.7142464921196827,0.4807692307692308,0.27,2.86829436075,4360,1204,413,0.25,0.23006644518272426,0.1234866828087167,,
co2_capture,descriptor_only,random_forest,metal_element_holdout,test_fully_unseen,42,0.7083993660855784,0.2635431918008785,0.7860262008733624,0.39473684210526316,0.845171050974135,0.6665050941142315,5.829970121811078,2.877535791277431,5.286816245000068,0.07706965800002763,4.071297305865168e-05,0.00390625,21186.7392578125,"{""max_depth"": 16, ""min_samples_leaf"": 1, ""n_estimators"": 250}",0.7142464921196827,0.4807692307692308,0.27,2.86829436075,4360,1204,1893,0.25,0.23006644518272426,0.12097200211304807,,
co2_capture,descriptor_only,xgboost,metal_element_holdout,test,42,0.6790980052038161,0.23441108545034642,0.725,0.3542757417102967,0.7775128684247639,0.4651239729056213,3.8861162646876934,2.612020302054964,1.5221620790000543,0.021446422000053644,9.30026973115943e-06,0.00390625,639.5888671875,"{""learning_rate"": 0.05, ""max_depth"": 6, ""n_estimators"": 250}",0.7213479295425249,0.46941323345817726,0.2,2.86829436075,4360,1204,2306,0.25,0.23006644518272426,0.12142237640936687,,
co2_capture,descriptor_only,xgboost,metal_element_holdout,test_partial_unseen,42,0.6101694915254238,0.21354166666666666,0.803921568627451,0.3374485596707819,0.7519228685949518,0.25627771092976365,2.1209150326797386,2.258107088989442,1.5573124239999743,0.0060122910000472984,1.4557605326991038e-05,0.00390625,639.5888671875,"{""learning_rate"": 0.05, ""max_depth"": 6, ""n_estimators"": 250}",0.7213479295425249,0.46941323345817726,0.2,2.86829436075,4360,1204,413,0.25,0.23006644518272426,0.1234866828087167,,
co2_capture,descriptor_only,xgboost,metal_element_holdout,test_fully_unseen,42,0.694136291600634,0.2403560830860534,0.7074235807860262,0.3588039867109635,0.7795192832549547,0.5227397734959214,4.350723971500805,2.650820850146482,0.9436490059999869,0.009935180000070432,5.248378235642067e-06,0.00390625,639.5888671875,"{""learning_rate"": 0.05, ""max_depth"": 6, ""n_estimators"": 250}",0.7213479295425249,0.46941323345817726,0.2,2.86829436075,4360,1204,1893,0.25,0.23006644518272426,0.12097200211304807,,
co2_capture,precursor_descriptor,logistic_regression,metal_element_holdout,test,42,0.5034692107545533,0.17651458489154825,0.8428571428571429,0.2918985776128633,0.7405663869693978,0.2742933072999539,2.8165429808286953,2.3836469423124536,3.9551563500000384,0.007580102000019906,3.2871214223850415e-06,2.265625,14.9013671875,"{""C"": 0.1}",0.7256453993511931,0.5040276179516686,0.17,2.86829436075,4360,1204,2306,0.25,0.23006644518272426,0.12142237640936687,,
co2_capture,precursor_descriptor,logistic_regression,metal_element_holdout,test_partial_unseen,42,0.5544794188861986,0.19069767441860466,0.803921568627451,0.3082706766917293,0.7280630484237894,0.2883033409280192,2.699346405228758,1.9466440422322777,3.982683945999952,0.0034884479999846008,8.446605326839226e-06,0.00390625,14.9013671875,"{""C"": 0.1}",0.7256453993511931,0.5040276179516686,0.17,2.86829436075,4360,1204,413,0.25,0.23006644518272426,0.1234866828087167,,
co2_capture,precursor_descriptor,logistic_regression,metal_element_holdout,test_fully_unseen,42,0.4923402007395668,0.17379679144385027,0.851528384279476,0.28867505551443373,0.7443814032583138,0.27588393997826205,2.914985060905539,2.4415455198717595,4.8311033820000375,0.009493379999980789,5.014992076059582e-06,0.00390625,14.9013671875,"{""C"": 0.1}",0.7256453993511931,0.5040276179516686,0.17,2.86829436075,4360,1204,1893,0.25,0.23006644518272426,0.12097200211304807,,
co2_capture,precursor_descriptor,random_forest,metal_element_holdout,test,42,0.8872506504770165,0.5290697674418605,0.65,0.5833333333333334,0.8505314835707235,0.6233319137819827,5.52612863327149,2.897487001733102,5.318157028999963,0.08279106899999533,3.590245836946892e-05,0.00390625,17186.7314453125,"{""max_depth"": 16, ""min_samples_leaf"": 1, ""n_estimators"": 250}",0.7264242792440191,0.5093632958801498,0.38,2.86829436075,4360,1204,2306,0.25,0.23006644518272426,0.12142237640936687,,
co2_capture,precursor_descriptor,random_forest,metal_element_holdout,test_partial_unseen,42,0.864406779661017,0.45901639344262296,0.5490196078431373,0.5,0.8398602534936626,0.4703098562632178,3.8562091503267975,2.8031674208144794,5.464179197000021,0.042332758000043214,0.0001025006246974412,0.00390625,17186.7314453125,"{""max_depth"": 16, ""min_samples_leaf"": 1, ""n_estimators"": 250}",0.7264242792440191,0.5093632958801498,0.38,2.86829436075,4360,1204,413,0.25,0.23006644518272426,0.1234866828087167,,
co2_capture,precursor_descriptor,random_forest,metal_element_holdout,test_fully_unseen,42,0.8922345483359746,0.5441696113074205,0.6724890829694323,0.6015625,0.8523445372858582,0.6511906253913493,5.873477361526086,2.912415012989885,6.491673807999973,0.07165419000000384,3.785218700475638e-05,0.00390625,17186.7314453125,"{""max_depth"": 16, ""min_samples_leaf"": 1, ""n_estimators"": 250}",0.7264242792440191,0.5093632958801498,0.38,2.86829436075,4360,1204,1893,0.25,0.23006644518272426,0.12097200211304807,,
co2_capture,precursor_descriptor,xgboost,metal_element_holdout,test,42,0.8764093668690373,0.49216300940438873,0.5607142857142857,0.5242070116861436,0.8212531730362431,0.5162391775099947,4.741774891774892,2.7404803169101264,2.700598652999929,0.050591083999961484,2.1938891587147216e-05,0.00390625,612.4775390625,"{""learning_rate"": 0.05, ""max_depth"": 6, ""n_estimators"": 250}",0.7436667328714575,0.4930966469428008,0.41,2.86829436075,4360,1204,2306,0.25,0.23006644518272426,0.12142237640936687,,
co2_capture,precursor_descriptor,xgboost,metal_element_holdout,test_partial_unseen,42,0.8426150121065376,0.4,0.5490196078431373,0.4628099173553719,0.828675116455422,0.3414720369279872,3.6633986928104574,2.7253016591251886,2.6439808820000508,0.036856650000004265,8.924128329298854e-05,0.00390625,612.4775390625,"{""learning_rate"": 0.05, ""max_depth"": 6, ""n_estimators"": 250}",0.7436667328714575,0.4930966469428008,0.41,2.86829436075,4360,1204,413,0.25,0.23006644518272426,0.1234866828087167,,
co2_capture,precursor_descriptor,xgboost,metal_element_holdout,test_fully_unseen,42,0.8837823560486001,0.5180722891566265,0.5633187772925764,0.5397489539748954,0.8186605118407793,0.5518793503307127,4.916318087795909,2.7554585152838427,3.6588273989999607,0.07049917899996672,3.724203856310973e-05,0.00390625,612.4775390625,"{""learning_rate"": 0.05, ""max_depth"": 6, ""n_estimators"": 250}",0.7436667328714575,0.4930966469428008,0.41,2.86829436075,4360,1204,1893,0.25,0.23006644518272426,0.12097200211304807,,
ch4_storage,precursor_only,logistic_regression,metal_element_holdout,test,42,0.7614917606244579,0.5582191780821918,0.75,0.6400523560209425,0.8044014881195243,0.622433190831917,2.5722253206915786,2.188286142624746,2.9021316490000117,0.006978549999985262,3.0262575888921345e-06,0.00390625,14.0791015625,"{""C"": 0.1}",0.772158257479856,0.5380434782608695,0.225,8.0755567352,4360,1204,2306,0.25,0.22009966777408638,0.28274067649609713,,
ch4_storage,precursor_only,logistic_regression,metal_element_holdout,test_partial_unseen,42,0.8910411622276029,0.36363636363636365,0.48484848484848486,0.4155844155844156,0.7345693779904308,0.3969289084325519,4.46969696969697,2.7677738927738926,2.4598176340000464,0.003437974000007671,8.324392251834555e-06,0.00390625,14.0791015625,"{""C"": 0.1}",0.772158257479856,0.5380434782608695,0.225,8.0755567352,4360,1204,413,0.25,0.22009966777408638,0.07990314769975787,,
ch4_storage,precursor_only,logistic_regression,metal_element_holdout,test_fully_unseen,42,0.7332276809297411,0.5685096153846154,0.7641357027463651,0.6519641626464507,0.7840867302556663,0.638163330434157,2.269475384746195,1.929091429623116,2.419719966999992,0.005945557000018198,3.1408119387312194e-06,0.00390625,14.0791015625,"{""C"": 0.1}",0.772158257479856,0.5380434782608695,0.225,8.0755567352,4360,1204,1893,0.25,0.22009966777408638,0.3269941891178024,,
ch4_storage,precursor_only,random_forest,metal_element_holdout,test,42,0.8061578490893322,0.6860254083484574,0.5797546012269938,0.628428927680798,0.839821292126913,0.7053830447159136,3.0621730008233077,2.3599164283208047,4.693889464999984,0.10578342500002691,4.587312445794749e-05,0.00390625,15210.3251953125,"{""max_depth"": 16, ""min_samples_leaf"": 1, ""n_estimators"": 250}",0.8379508509654991,0.6268115942028986,0.33,8.0755567352,4360,1204,2306,0.25,0.22009966777408638,0.28274067649609713,,
ch4_storage,precursor_only,random_forest,metal_element_holdout,test_partial_unseen,42,0.9055690072639225,0.42857142857142855,0.5454545454545454,0.48,0.8784290271132376,0.5170723932130905,5.363636363636363,3.249125874125874,5.450003452999908,0.03038731700007702,7.357703874110659e-05,0.00390625,15210.3251953125,"{""max_depth"": 16, ""min_samples_leaf"": 1, ""n_estimators"": 250}",0.8379508509654991,0.6268115942028986,0.33,8.0755567352,4360,1204,413,0.25,0.22009966777408638,0.07990314769975787,,
ch4_storage,precursor_only,random_forest,metal_element_holdout,test_fully_unseen,42,0.7844690966719493,0.7072691552062869,0.5815831987075929,0.6382978723404256,0.8237034716956251,0.7236238585417148,2.7362469177791007,2.2903928345023616,4.334658587999911,0.0712302129999216,3.7628216059123934e-05,0.00390625,15210.3251953125,"{""max_depth"": 16, ""min_samples_leaf"": 1, ""n_estimators"": 250}",0.8379508509654991,0.6268115942028986,0.33,8.0755567352,4360,1204,1893,0.25,0.22009966777408638,0.3269941891178024,,
ch4_storage,precursor_only,xgboost,metal_element_holdout,test,42,0.7983521248915871,0.6481774960380349,0.6273006134969326,0.6375681995323461,0.8397962552206586,0.7276647322777053,3.1693490558521233,2.3660460813813784,2.246482130000004,0.04585211999994954,1.98838334778619e-05,0.00390625,588.310546875,"{""learning_rate"": 0.05, ""max_depth"": 6, ""n_estimators"": 250}",0.8431751964152953,0.6241610738255033,0.305,8.0755567352,4360,1204,2306,0.25,0.22009966777408638,0.28274067649609713,,
ch4_storage,precursor_only,xgboost,metal_element_holdout,test_partial_unseen,42,0.9152542372881356,0.47368421052631576,0.5454545454545454,0.5070422535211268,0.8568181818181818,0.49616521021044047,5.363636363636363,3.0084498834498836,3.361840239000003,0.051418372999933126,0.0001244996924937848,0.00390625,588.310546875,"{""learning_rate"": 0.05, ""max_depth"": 6, ""n_estimators"": 250}",0.8431751964152953,0.6241610738255033,0.305,8.0755567352,4360,1204,413,0.25,0.22009966777408638,0.07990314769975787,,
ch4_storage,precursor_only,xgboost,metal_element_holdout,test_fully_unseen,42,0.7728473322768094,0.6593591905564924,0.6316639741518578,0.6452145214521452,0.8176624321904727,0.7412479154732486,2.9293937590340957,2.16135661847406,2.7368444949997865,0.042030731000068045,2.2203238774468063e-05,0.00390625,588.310546875,"{""learning_rate"": 0.05, ""max_depth"": 6, ""n_estimators"": 250}",0.8431751964152953,0.6241610738255033,0.305,8.0755567352,4360,1204,1893,0.25,0.22009966777408638,0.3269941891178024,,
ch4_storage,descriptor_only,logistic_regression,metal_element_holdout,test,42,0.826539462272333,0.7763157894736842,0.5429447852760736,0.6389891696750902,0.809986572799905,0.7183291364821823,3.18465992085624,2.537676367077437,0.3904361339998559,0.0017586279998340615,7.626313962853693e-07,0.00390625,1.9921875,"{""C"": 10.0}",0.712046134989049,0.48097826086956524,0.275,8.0755567352,4360,1204,2306,0.25,0.22009966777408638,0.28274067649609713,,
ch4_storage,descriptor_only,logistic_regression,metal_element_holdout,test_partial_unseen,42,0.8983050847457628,0.3448275862068966,0.30303030303030304,0.3225806451612903,0.8804226475279107,0.3808115111091435,4.767676767676767,3.249125874125874,0.39562847000001966,0.0013143709998075792,3.182496367572831e-06,0.00390625,1.9921875,"{""C"": 10.0}",0.712046134989049,0.48097826086956524,0.275,8.0755567352,4360,1204,413,0.25,0.22009966777408638,0.07990314769975787,,
ch4_storage,descriptor_only,logistic_regression,metal_element_holdout,test_fully_unseen,42,0.8108821975699947,0.8056206088992974,0.555735056542811,0.6577437858508605,0.8047491396210529,0.742385788383466,2.832820338406598,2.4452362937363246,0.3825638969999545,0.001613662999943699,8.52436872659112e-07,0.00390625,1.9921875,"{""C"": 10.0}",0.712046134989049,0.48097826086956524,0.275,8.0755567352,4360,1204,1893,0.25,0.22009966777408638,0.3269941891178024,,
ch4_storage,descriptor_only,random_forest,metal_element_holdout,test,42,0.8209019947961839,0.742393509127789,0.5613496932515337,0.6393013100436681,0.8740323699379084,0.7590898319685383,3.0927947308315407,2.519287407895716,4.869344014000035,0.06467401600002631,2.8045973980930752e-05,0.00390625,17925.556640625,"{""max_depth"": null, ""min_samples_leaf"": 2, ""n_estimators"": 250}",0.8278859485201036,0.6215277777777778,0.38,8.0755567352,4360,1204,2306,0.25,0.22009966777408638,0.28274067649609713,,
ch4_storage,descriptor_only,random_forest,metal_element_holdout,test_partial_unseen,42,0.9322033898305084,0.5862068965517241,0.5151515151515151,0.5483870967741935,0.8668261562998405,0.5350723141609588,5.661616161616162,2.8881118881118883,6.412090065000029,0.027429119999851537,6.641433414007636e-05,0.00390625,17925.556640625,"{""max_depth"": null, ""min_samples_leaf"": 2, ""n_estimators"": 250}",0.8278859485201036,0.6215277777777778,0.38,8.0755567352,4360,1204,413,0.25,0.22009966777408638,0.07990314769975787,,
ch4_storage,descriptor_only,random_forest,metal_element_holdout,test_fully_unseen,42,0.7966191230850502,0.7521551724137931,0.5638126009693053,0.644506001846722,0.8596111366132138,0.7712706370757879,2.7523424878836833,2.283941023700947,4.885263308000049,0.05827029800002492,3.078198520867666e-05,0.00390625,17925.556640625,"{""max_depth"": null, ""min_samples_leaf"": 2, ""n_estimators"": 250}",0.8278859485201036,0.6215277777777778,0.38,8.0755567352,4360,1204,1893,0.25,0.22009966777408638,0.3269941891178024,,
ch4_storage,descriptor_only,xgboost,metal_element_holdout,test,42,0.7948829141370338,0.7993311036789298,0.3665644171779141,0.5026288117770767,0.8523814734312061,0.7134500098822433,2.9856186758027246,2.4028239997448195,1.0055475659999047,0.0064991889998964325,2.818382046789433e-06,0.00390625,234.1298828125,"{""learning_rate"": 0.1, ""max_depth"": 4, ""n_estimators"": 150}",0.8327807583338357,0.6061776061776062,0.425,8.0755567352,4360,1204,2306,0.25,0.22009966777408638,0.28274067649609713,,
ch4_storage,descriptor_only,xgboost,metal_element_holdout,test_partial_unseen,42,0.9200968523002422,0.5,0.3333333333333333,0.4,0.8627591706539075,0.4737750429563446,5.959595959595959,3.0084498834498836,0.9707960519999688,0.002716082999995706,6.576472154953283e-06,0.00390625,234.1298828125,"{""learning_rate"": 0.1, ""max_depth"": 4, ""n_estimators"": 150}",0.8327807583338357,0.6061776061776062,0.425,8.0755567352,4360,1204,413,0.25,0.22009966777408638,0.07990314769975787,,
ch4_storage,descriptor_only,xgboost,metal_element_holdout,test_fully_unseen,42,0.7675647120972002,0.8231046931407943,0.3683360258481422,0.5089285714285714,0.8355363768472469,0.7311689042028039,2.6879602074653515,2.212971104885381,0.9718731749999279,0.005469641999980013,2.8894041204331815e-06,0.00390625,234.1298828125,"{""learning_rate"": 0.1, ""max_depth"": 4, ""n_estimators"": 150}",0.8327807583338357,0.6061776061776062,0.425,8.0755567352,4360,1204,1893,0.25,0.22009966777408638,0.3269941891178024,,
ch4_storage,precursor_descriptor,logistic_regression,metal_element_holdout,test,42,0.8048568950563747,0.6328947368421053,0.7377300613496932,0.6813031161473088,0.837999625373699,0.697965544385816,2.9856186758027246,2.3660460813813784,4.884909190999906,0.009118013000033898,3.954038594984344e-06,0.00390625,14.9013671875,"{""C"": 0.1}",0.7816846504711958,0.5468053491827637,0.25,8.0755567352,4360,1204,2306,0.25,0.22009966777408638,0.28274067649609713,,
ch4_storage,precursor_descriptor,logistic_regression,metal_element_holdout,test_partial_unseen,42,0.8910411622276029,0.375,0.5454545454545454,0.4444444444444444,0.7278708133971293,0.41307732384446233,4.46969696969697,2.7677738927738926,4.368031315000053,0.003761575999988054,9.107932203360905e-06,0.00390625,14.9013671875,"{""C"": 0.1}",0.7816846504711958,0.5468053491827637,0.25,8.0755567352,4360,1204,413,0.25,0.22009966777408638,0.07990314769975787,,
ch4_storage,precursor_descriptor,logistic_regression,metal_element_holdout,test_fully_unseen,42,0.786053882725832,0.6502808988764045,0.7479806138933764,0.695717505634861,0.82778852811163,0.7157753283835533,2.575291216733271,2.122645753665569,4.17150674200002,0.006028608000178792,3.1846846276697265e-06,0.00390625,14.9013671875,"{""C"": 0.1}",0.7816846504711958,0.5468053491827637,0.25,8.0755567352,4360,1204,1893,0.25,0.22009966777408638,0.3269941891178024,,
ch4_storage,precursor_descriptor,random_forest,metal_element_holdout,test,42,0.8274067649609714,0.7009493670886076,0.6794478527607362,0.6900311526479751,0.8832487333180021,0.7974188161869429,3.3530794359015217,2.6541397752283338,6.725660948000041,0.08949598799995329,3.881005550735182e-05,0.00390625,17560.4736328125,"{""max_depth"": null, ""min_samples_leaf"": 2, ""n_estimators"": 250}",0.8461088673217192,0.6454849498327759,0.32,8.0755567352,4360,1204,2306,0.25,0.22009966777408638,0.28274067649609713,,
ch4_storage,precursor_descriptor,random_forest,metal_element_holdout,test_partial_unseen,42,0.937046004842615,0.6060606060606061,0.6060606060606061,0.6060606060606061,0.9134370015948964,0.6001396916776459,6.555555555555555,3.4898018648018647,5.213327790999983,0.028853742000137572,6.986378208265757e-05,0.00390625,17560.4736328125,"{""max_depth"": null, ""min_samples_leaf"": 2, ""n_estimators"": 250}",0.8461088673217192,0.6454849498327759,0.32,8.0755567352,4360,1204,413,0.25,0.22009966777408638,0.07990314769975787,,
ch4_storage,precursor_descriptor,random_forest,metal_element_holdout,test_fully_unseen,42,0.803486529318542,0.7061769616026711,0.6833602584814217,0.6945812807881774,0.8669906138172928,0.806527130284208,2.945489329138679,2.4839471585448147,5.520305556000039,0.10744916199996624,5.6761311146310744e-05,0.00390625,17560.4736328125,"{""max_depth"": null, ""min_samples_leaf"": 2, ""n_estimators"": 250}",0.8461088673217192,0.6454849498327759,0.32,8.0755567352,4360,1204,1893,0.25,0.22009966777408638,0.3269941891178024,,
ch4_storage,precursor_descriptor,xgboost,metal_element_holdout,test,42,0.8464874241110147,0.8401826484018264,0.5644171779141104,0.6752293577981652,0.8887744712576315,0.8010789008237054,3.307146840889172,2.598972897683172,3.9141958830000476,0.0463617200000499,2.0104822202970468e-05,0.00390625,638.919921875,"{""learning_rate"": 0.05, ""max_depth"": 6, ""n_estimators"": 250}",0.8528020575883617,0.6462715105162524,0.42,8.0755567352,4360,1204,2306,0.25,0.22009966777408638,0.28274067649609713,,
ch4_storage,precursor_descriptor,xgboost,metal_element_holdout,test_partial_unseen,42,0.9297820823244553,0.6428571428571429,0.2727272727272727,0.3829787234042553,0.9038676236044657,0.5895945659119819,6.555555555555555,3.3694638694638694,2.8757219619999432,0.035993182000083834,8.71505617435444e-05,0.00390625,638.919921875,"{""learning_rate"": 0.05, ""max_depth"": 6, ""n_estimators"": 250}",0.8528020575883617,0.6462715105162524,0.42,8.0755567352,4360,1204,413,0.25,0.22009966777408638,0.07990314769975787,,
ch4_storage,precursor_descriptor,xgboost,metal_element_holdout,test_fully_unseen,42,0.8283148441627047,0.8466981132075472,0.5799676898222941,0.6883988494726749,0.8744607573363632,0.8110573573803507,2.977680469347845,2.46459172614057,2.8761467290000837,0.04431853300002331,2.3411797675659432e-05,0.00390625,638.919921875,"{""learning_rate"": 0.05, ""max_depth"": 6, ""n_estimators"": 250}",0.8528020575883617,0.6462715105162524,0.42,8.0755567352,4360,1204,1893,0.25,0.22009966777408638,0.3269941891178024,,
